section,reach,pass,length_mm,weight_g,sampledate
CC,L,1,120,14.5,1990-08-16
CC,U,1,56,1.77,1992-09-02
CC,U,1,49,1.39,1992-09-02
CC,U,1,53,2.01,1992-09-02
CC,U,1,65,2.43,1992-09-02
CC,U,1,66,2.72,1992-09-02
CC,U,1,65,2.85,1992-09-02
CC,U,1,108,11.35,1992-09-02
CC,U,1,69,2.99,1992-09-02
CC,U,1,71,3.53,1992-09-02
CC,U,1,134,21.52,1992-09-02
CC,U,1,87,5.5,1992-09-02
CC,U,1,51,1.48,1992-09-02
CC,U,1,107,11.59,1992-09-02
CC,U,1,134,21.9,1992-09-02
CC,U,1,45,0.97,1992-09-02
CC,U,1,98,7.77,1992-09-02
CC,U,1,59,1.89,1992-09-02
CC,U,1,106,10.12,1992-09-02
CC,U,1,109,11.41,1992-09-02
CC,U,1,160,33.84,1992-09-02
CC,U,1,57,1.55,1992-09-02
CC,U,1,102,9.25,1992-09-02
CC,U,1,133,21.17,1992-09-02
CC,U,1,156,34.26,1992-09-02
CC,U,1,57,1.4,1992-09-02
CC,U,1,133,19.71,1992-09-02
CC,U,1,152,32.56,1992-09-02
CC,U,1,97,7.8,1992-09-02
CC,U,1,61,2.35,1992-09-02
CC,U,1,108,11.18,1992-09-02
CC,U,1,137,22.44,1992-09-02
CC,U,1,136,21.5,1992-09-02
CC,U,1,98,7.74,1992-09-02
CC,U,1,135,22.6,1992-09-02
CC,U,1,187,53.12,1992-09-02
CC,U,1,68,2.85,1992-09-02
CC,U,1,90,6.26,1992-09-02
CC,U,1,64,2.31,1992-09-02
CC,U,1,73,3.57,1992-09-02
CC,U,1,51,1.47,1992-09-02
CC,U,1,72,3.78,1992-09-02
CC,U,1,110,12.1,1992-09-02
CC,U,1,52,1.57,1992-09-02
CC,U,1,102,9.13,1992-09-02
CC,U,1,57,1.99,1992-09-02
CC,U,1,137,23.82,1992-09-02
CC,U,1,94,7.59,1992-09-02
CC,U,1,68,2.67,1992-09-02
CC,U,1,105,10.36,1992-09-02
CC,U,1,149,27.41,1992-09-02
CC,U,1,161,39.1,1992-09-02
CC,U,1,60,2.48,1992-09-02
CC,U,1,63,3.13,1992-09-02
CC,U,1,44,0.81,1992-09-02
CC,U,1,71,3.7,1992-09-02
CC,U,1,71,3.26,1992-09-02
CC,U,1,52,1.4,1992-09-02
CC,U,1,95,8.01,1992-09-02
CC,U,1,95,7.91,1992-09-02
CC,U,1,71,3.36,1992-09-02
CC,U,1,104,9.8,1992-09-02
CC,U,1,66,3.3,1992-09-02
CC,U,1,132,20.41,1992-09-02
CC,U,1,151,33.11,1992-09-02
CC,U,1,128,23.9,1992-09-02
CC,U,1,101,8.95,1992-09-02
CC,U,1,120,15.35,1992-09-02
CC,U,1,100,9.76,1992-09-02
CC,U,1,49,1.2,1992-09-02
CC,U,1,126,18.55,1992-09-02
CC,U,1,100,9.32,1992-09-02
CC,U,1,53,1.6,1992-09-02
CC,U,1,54,1.59,1992-09-02
CC,U,1,59,2.15,1992-09-02
CC,U,1,55,1.72,1992-09-02
CC,U,1,68,3.53,1992-09-02
CC,U,1,64,2.78,1992-09-02
CC,U,1,118,15.63,1992-09-02
CC,U,1,56,1.87,1992-09-02
CC,U,1,95,7.86,1992-09-02
CC,U,1,101,9.79,1992-09-02
CC,U,1,77,5.2,1992-09-02
CC,U,1,106,10.67,1992-09-02
CC,U,1,106,9.99,1992-09-02
CC,U,1,137,20.68,1992-09-02
CC,U,1,114,12.35,1992-09-02
CC,U,1,164,38.53,1992-09-02
CC,U,1,136,20.07,1992-09-02
CC,U,1,113,12.5,1992-09-02
CC,U,1,192,60.3,1992-09-02
CC,U,1,97,9.09,1992-09-02
CC,U,1,58,1.89,1992-09-02
CC,U,1,61,2.51,1992-09-02
CC,U,1,117,15.21,1992-09-02
CC,U,1,57,1.49,1992-09-02
CC,U,1,111,10.56,1992-09-02
CC,U,1,103,10.45,1992-09-02
CC,U,1,114,13.58,1992-09-02
CC,U,1,148,32.5,1992-09-02
CC,U,1,145,25.5,1992-09-02
CC,U,2,64,2.83,1992-09-02
CC,U,2,123,16.61,1992-09-02
CC,U,2,61,2.45,1992-09-02
CC,U,2,64,2.8,1992-09-02
CC,U,2,105,9.88,1992-09-02
CC,U,2,53,1.43,1992-09-02
CC,U,2,57,1.5,1992-09-02
CC,U,2,65,2.77,1992-09-02
CC,U,2,55,1.59,1992-09-02
CC,U,2,65,2.81,1992-09-02
CC,U,2,93,6.91,1992-09-02
CC,U,2,44,0.92,1992-09-02
CC,U,2,55,1.65,1992-09-02
CC,U,2,62,2.54,1992-09-02
CC,U,2,67,3.16,1992-09-02
CC,U,2,52,1.44,1992-09-02
CC,U,2,65,2.47,1992-09-02
CC,U,2,59,2.09,1992-09-02
CC,U,2,60,1.96,1992-09-02
CC,U,2,153,31.24,1992-09-02
CC,U,1,47,NA,1993-09-02
CC,U,1,56,NA,1993-09-02
CC,U,1,104,NA,1993-09-02
CC,U,1,110,NA,1993-09-02
CC,U,1,117,NA,1993-09-02
CC,U,1,109,NA,1993-09-02
CC,U,1,92,NA,1993-09-02
CC,U,1,105,NA,1993-09-02
CC,U,1,136,NA,1993-09-02
CC,U,1,111,NA,1993-09-02
CC,U,1,105,NA,1993-09-02
CC,U,1,122,NA,1993-09-02
CC,U,1,57,NA,1993-09-02
CC,U,1,52,NA,1993-09-02
CC,U,1,167,NA,1993-09-02
CC,U,1,125,NA,1993-09-02
CC,U,1,95,NA,1993-09-02
CC,U,1,112,NA,1993-09-02
CC,U,1,104,NA,1993-09-02
CC,U,1,118,NA,1993-09-02
CC,U,1,56,NA,1993-09-02
CC,U,1,45,NA,1993-09-02
CC,U,1,45,NA,1993-09-02
CC,U,1,52,NA,1993-09-02
CC,U,1,57,NA,1993-09-02
CC,U,1,106,NA,1993-09-02
CC,U,1,141,NA,1993-09-02
CC,U,1,186,NA,1993-09-02
CC,U,1,128,NA,1993-09-02
CC,U,1,60,NA,1993-09-02
CC,U,1,110,NA,1993-09-02
CC,U,1,136,NA,1993-09-02
CC,U,1,56,NA,1993-09-02
CC,U,1,41,NA,1993-09-02
CC,U,1,108,NA,1993-09-02
CC,U,1,57,NA,1993-09-02
CC,U,1,48,NA,1993-09-02
CC,U,1,88,NA,1993-09-02
CC,U,1,110,NA,1993-09-02
CC,U,1,118,NA,1993-09-02
CC,U,1,124,NA,1993-09-02
CC,U,1,163,NA,1993-09-02
CC,U,1,125,NA,1993-09-02
CC,U,1,41,NA,1993-09-02
CC,U,1,123,NA,1993-09-02
CC,U,1,125,NA,1993-09-02
CC,U,1,114,NA,1993-09-02
CC,U,1,56,NA,1993-09-02
CC,U,1,60,NA,1993-09-02
CC,U,1,169,NA,1993-09-02
CC,U,1,98,NA,1993-09-02
CC,U,1,58,NA,1993-09-02
CC,U,1,53,NA,1993-09-02
CC,U,1,127,NA,1993-09-02
CC,U,1,112,NA,1993-09-02
CC,U,1,102,NA,1993-09-02
CC,U,1,52,NA,1993-09-02
CC,U,1,53,NA,1993-09-02
CC,U,1,45,NA,1993-09-02
CC,U,1,115,NA,1993-09-02
CC,U,1,99,NA,1993-09-02
CC,U,1,102,NA,1993-09-02
CC,U,1,125,NA,1993-09-02
CC,U,1,84,NA,1993-09-02
CC,U,1,128,NA,1993-09-02
CC,U,1,123,NA,1993-09-02
CC,U,1,135,NA,1993-09-02
CC,U,1,137,NA,1993-09-02
CC,U,1,53,NA,1993-09-02
CC,U,1,43,NA,1993-09-02
CC,U,1,54,NA,1993-09-02
CC,U,1,47,NA,1993-09-02
CC,U,1,143,NA,1993-09-02
CC,U,1,99,NA,1993-09-02
CC,U,1,129,NA,1993-09-02
CC,U,1,159,NA,1993-09-02
CC,U,1,40,NA,1993-09-02
CC,U,1,51,NA,1993-09-02
CC,U,1,51,NA,1993-09-02
CC,U,1,52,NA,1993-09-02
CC,U,1,58,NA,1993-09-02
CC,U,1,47,NA,1993-09-02
CC,U,1,149,NA,1993-09-02
CC,U,1,156,NA,1993-09-02
CC,U,1,129,NA,1993-09-02
CC,U,2,44,NA,1993-09-02
CC,U,2,52,NA,1993-09-02
CC,U,2,129,NA,1993-09-02
CC,U,2,117,NA,1993-09-02
CC,U,2,113,NA,1993-09-02
CC,U,2,136,NA,1993-09-02
CC,U,2,102,NA,1993-09-02
CC,U,2,102,NA,1993-09-02
CC,U,2,153,NA,1993-09-02
CC,U,2,125,NA,1993-09-02
CC,U,2,96,NA,1993-09-02
CC,U,2,47,NA,1993-09-02
CC,U,2,143,NA,1993-09-02
CC,U,2,48,NA,1993-09-02
CC,U,2,52,NA,1993-09-02
CC,U,2,95,NA,1993-09-02
CC,U,2,44,NA,1993-09-02
CC,U,2,39,NA,1993-09-02
CC,U,2,150,NA,1993-09-02
CC,U,2,142,NA,1993-09-02
CC,U,2,107,NA,1993-09-02
CC,U,2,48,NA,1993-09-02
CC,U,2,34,NA,1993-09-02
CC,U,2,99,NA,1993-09-02
CC,U,1,106,NA,1994-08-31
CC,U,1,134,NA,1994-08-31
CC,U,1,129,NA,1994-08-31
CC,U,1,139,NA,1994-08-31
CC,U,1,102,NA,1994-08-31
CC,U,1,85,NA,1994-08-31
CC,U,1,102,NA,1994-08-31
CC,U,1,83,NA,1994-08-31
CC,U,1,132,NA,1994-08-31
CC,U,1,131,NA,1994-08-31
CC,U,1,95,NA,1994-08-31
CC,U,1,107,NA,1994-08-31
CC,U,1,41,NA,1994-08-31
CC,U,1,133,NA,1994-08-31
CC,U,1,98,NA,1994-08-31
CC,U,1,89,NA,1994-08-31
CC,U,1,139,NA,1994-08-31
CC,U,1,150,NA,1994-08-31
CC,U,1,45,NA,1994-08-31
CC,U,1,64,NA,1994-08-31
CC,U,1,46,NA,1994-08-31
CC,U,1,44,NA,1994-08-31
CC,U,1,140,NA,1994-08-31
CC,U,1,87,NA,1994-08-31
CC,U,1,90,NA,1994-08-31
CC,U,1,44,NA,1994-08-31
CC,U,1,189,NA,1994-08-31
CC,U,1,161,NA,1994-08-31
CC,U,1,46,NA,1994-08-31
CC,U,1,102,NA,1994-08-31
CC,U,1,99,NA,1994-08-31
CC,U,1,51,NA,1994-08-31
CC,U,1,128,NA,1994-08-31
CC,U,1,105,NA,1994-08-31
CC,U,1,42,NA,1994-08-31
CC,U,1,90,NA,1994-08-31
CC,U,1,98,NA,1994-08-31
CC,U,1,144,NA,1994-08-31
CC,U,1,103,NA,1994-08-31
CC,U,1,48,NA,1994-08-31
CC,U,1,104,NA,1994-08-31
CC,U,1,130,NA,1994-08-31
CC,U,1,44,NA,1994-08-31
CC,U,1,50,NA,1994-08-31
CC,U,1,36,NA,1994-08-31
CC,U,1,122,NA,1994-08-31
CC,U,1,51,NA,1994-08-31
CC,U,1,167,NA,1994-08-31
CC,U,1,102,NA,1994-08-31
CC,U,1,125,NA,1994-08-31
CC,U,1,120,NA,1994-08-31
CC,U,1,45,NA,1994-08-31
CC,U,1,45,NA,1994-08-31
CC,U,1,125,NA,1994-08-31
CC,U,1,98,NA,1994-08-31
CC,U,1,105,NA,1994-08-31
CC,U,1,99,NA,1994-08-31
CC,U,1,157,NA,1994-08-31
CC,U,1,46,NA,1994-08-31
CC,U,1,139,NA,1994-08-31
CC,U,1,138,NA,1994-08-31
CC,U,1,92,NA,1994-08-31
CC,U,1,153,NA,1994-08-31
CC,U,1,172,NA,1994-08-31
CC,U,1,88,NA,1994-08-31
CC,U,1,164,NA,1994-08-31
CC,U,1,124,NA,1994-08-31
CC,U,1,48,NA,1994-08-31
CC,U,1,112,NA,1994-08-31
CC,U,1,44,NA,1994-08-31
CC,U,1,129,NA,1994-08-31
CC,U,1,154,NA,1994-08-31
CC,U,1,95,NA,1994-08-31
CC,U,1,114,NA,1994-08-31
CC,U,2,52,NA,1994-08-31
CC,U,2,115,NA,1994-08-31
CC,U,2,113,NA,1994-08-31
CC,U,2,140,NA,1994-08-31
CC,U,2,134,NA,1994-08-31
CC,U,2,90,NA,1994-08-31
CC,U,2,47,NA,1994-08-31
CC,U,2,125,NA,1994-08-31
CC,U,2,131,NA,1994-08-31
CC,U,2,44,NA,1994-08-31
CC,U,2,51,NA,1994-08-31
CC,U,2,96,NA,1994-08-31
CC,U,2,47,NA,1994-08-31
CC,U,2,55,NA,1994-08-31
CC,U,2,147,NA,1994-08-31
CC,U,2,159,NA,1994-08-31
CC,U,2,92,NA,1994-08-31
CC,U,2,46,NA,1994-08-31
CC,U,2,37,NA,1994-08-31
CC,U,2,91,NA,1994-08-31
CC,U,2,40,NA,1994-08-31
CC,U,2,90,NA,1994-08-31
CC,U,2,135,NA,1994-08-31
CC,U,2,89,NA,1994-08-31
CC,U,2,92,NA,1994-08-31
CC,U,2,95,NA,1994-08-31
CC,U,2,100,NA,1994-08-31
CC,L,1,98,10.76,1997-08-26
CC,L,1,29,0.41,1997-08-26
CC,L,1,48,1.36,1997-08-26
CC,L,1,48,1.23,1997-08-26
CC,L,1,50,1.47,1997-08-26
CC,L,1,42,0.8,1997-08-26
CC,L,1,42,0.85,1997-08-26
CC,L,1,45,1.13,1997-08-26
CC,L,1,34,0.46,1997-08-26
CC,L,1,44,0.92,1997-08-26
CC,L,1,43,0.79,1997-08-26
CC,L,1,42,0.86,1997-08-26
CC,L,1,80,6.53,1997-08-26
CC,L,1,34,0.54,1997-08-26
CC,L,1,94,8.91,1997-08-26
CC,L,1,94,8.72,1997-08-26
CC,L,1,54,1.67,1997-08-26
CC,L,1,88,6.87,1997-08-26
CC,L,1,93,8.79,1997-08-26
CC,L,1,80,6.64,1997-08-26
CC,L,1,104,11.33,1997-08-26
CC,L,1,95,9.48,1997-08-26
CC,L,1,44,1,1997-08-26
CC,L,1,79,6.66,1997-08-26
CC,L,1,85,8.29,1997-08-26
CC,L,1,109,14.24,1997-08-26
CC,L,1,106,12.12,1997-08-26
CC,L,1,96,9.52,1997-08-26
CC,L,1,76,5.94,1997-08-26
CC,L,1,98,10.62,1997-08-26
CC,L,1,94,8.85,1997-08-26
CC,L,1,52,1.31,1997-08-26
CC,L,1,42,0.73,1997-08-26
CC,L,1,41,0.89,1997-08-26
CC,L,1,35,0.38,1997-08-26
CC,L,1,41,0.81,1997-08-26
CC,L,1,95,10.82,1997-08-26
CC,L,1,97,9.78,1997-08-26
CC,L,1,103,11.93,1997-08-26
CC,L,1,41,0.79,1997-08-26
CC,L,1,42,1.08,1997-08-26
CC,L,1,39,0.66,1997-08-26
CC,L,1,88,6.77,1997-08-26
CC,L,1,37,0.61,1997-08-26
CC,L,1,40,0.79,1997-08-26
CC,L,1,38,0.56,1997-08-26
CC,L,1,40,0.78,1997-08-26
CC,L,1,42,1,1997-08-26
CC,L,1,82,5.95,1997-08-26
CC,L,1,34,0.45,1997-08-26
CC,L,1,134,26.26,1997-08-26
CC,L,1,70,3.79,1997-08-26
CC,L,1,31,0.34,1997-08-26
CC,L,1,107,14.51,1997-08-26
CC,L,1,97,10.05,1997-08-26
CC,L,1,118,20.61,1997-08-26
CC,L,1,96,9.75,1997-08-26
CC,L,1,101,11.32,1997-08-26
CC,L,1,129,22.22,1997-08-26
CC,L,1,167,45.87,1997-08-26
CC,L,1,137,24.68,1997-08-26
CC,L,1,110,16.43,1997-08-26
CC,L,1,94,9.33,1997-08-26
CC,L,1,116,16.97,1997-08-26
CC,L,1,89,7.13,1997-08-26
CC,L,1,87,7.03,1997-08-26
CC,L,1,73,4.98,1997-08-26
CC,L,1,51,1.35,1997-08-26
CC,L,1,101,10.1,1997-08-26
CC,L,1,121,21.81,1997-08-26
CC,L,1,98,12.02,1997-08-26
CC,L,1,100,10.37,1997-08-26
CC,L,1,92,8.03,1997-08-26
CC,L,1,45,0.87,1997-08-26
CC,L,1,95,9.49,1997-08-26
CC,L,1,108,14.05,1997-08-26
CC,L,1,139,29.3,1997-08-26
CC,L,1,149,33.76,1997-08-26
CC,L,1,39,0.73,1997-08-26
CC,L,1,101,10.95,1997-08-26
CC,L,1,45,0.96,1997-08-26
CC,L,1,37,0.6,1997-08-26
CC,L,1,39,0.56,1997-08-26
CC,L,1,42,0.93,1997-08-26
CC,L,1,75,4.21,1997-08-26
CC,L,1,94,10.37,1997-08-26
CC,L,1,91,NA,1997-08-26
CC,L,1,142,32.58,1997-08-26
CC,L,1,106,16.82,1997-08-26
CC,L,1,93,9.12,1997-08-26
CC,L,1,85,6.7,1997-08-26
CC,L,1,56,1.75,1997-08-26
CC,L,1,32,0.47,1997-08-26
CC,L,1,37,0.66,1997-08-26
CC,L,1,106,11.86,1997-08-26
CC,L,1,145,30.37,1997-08-26
CC,L,1,97,9.57,1997-08-26
CC,L,1,92,8.65,1997-08-26
CC,L,1,44,0.97,1997-08-26
CC,L,1,134,24.9,1997-08-26
CC,L,1,163,43.96,1997-08-26
CC,L,1,95,7.84,1997-08-26
CC,L,1,39,0.62,1997-08-26
CC,L,1,50,1.37,1997-08-26
CC,L,1,34,0.5,1997-08-26
CC,L,1,42,0.84,1997-08-26
CC,L,1,41,0.83,1997-08-26
CC,L,1,41,0.69,1997-08-26
CC,L,1,42,0.83,1997-08-26
CC,L,1,36,0.59,1997-08-26
CC,L,1,46,1.08,1997-08-26
CC,L,1,48,1.4,1997-08-26
CC,L,1,45,1.16,1997-08-26
CC,L,1,38,0.67,1997-08-26
CC,L,1,46,1.07,1997-08-26
CC,L,1,43,1,1997-08-26
CC,L,1,38,0.61,1997-08-26
CC,L,1,122,21.07,1997-08-26
CC,L,1,108,13.89,1997-08-26
CC,L,1,44,0.93,1997-08-26
CC,L,1,45,1.06,1997-08-26
CC,L,1,87,7.76,1997-08-26
CC,L,1,103,11.63,1997-08-26
CC,L,1,47,1.28,1997-08-26
CC,L,1,50,1.72,1997-08-26
CC,L,1,49,1.38,1997-08-26
CC,L,1,49,1.39,1997-08-26
CC,L,1,80,5.23,1997-08-26
CC,L,1,34,0.45,1997-08-26
CC,L,1,54,1.69,1997-08-26
CC,L,1,46,1.16,1997-08-26
CC,L,1,40,0.69,1997-08-26
CC,L,1,48,1.31,1997-08-26
CC,L,1,39,0.88,1997-08-26
CC,L,1,89,7.47,1997-08-26
CC,L,1,39,0.77,1997-08-26
CC,L,1,42,0.8,1997-08-26
CC,L,1,50,1.28,1997-08-26
CC,L,1,94,9.57,1997-08-26
CC,L,1,93,9.41,1997-08-26
CC,L,1,86,8.02,1997-08-26
CC,L,1,95,9.7,1997-08-26
CC,L,1,32,0.38,1997-08-26
CC,L,1,38,0.57,1997-08-26
CC,L,1,40,0.77,1997-08-26
CC,L,1,29,0.31,1997-08-26
CC,L,1,41,0.88,1997-08-26
CC,L,1,44,0.95,1997-08-26
CC,L,1,41,0.84,1997-08-26
CC,L,1,50,1.57,1997-08-26
CC,L,1,42,0.87,1997-08-26
CC,L,1,49,1.38,1997-08-26
CC,L,1,44,0.92,1997-08-26
CC,L,1,42,0.82,1997-08-26
CC,L,1,74,5.33,1997-08-26
CC,L,1,78,5.37,1997-08-26
CC,L,1,91,10.08,1997-08-26
CC,L,1,105,12.63,1997-08-26
CC,L,1,40,0.75,1997-08-26
CC,L,2,50,1.43,1997-08-26
CC,L,2,93,10.25,1997-08-26
CC,L,2,40,0.79,1997-08-26
CC,L,2,47,1.18,1997-08-26
CC,L,2,45,1.11,1997-08-26
CC,L,2,160,46.18,1997-08-26
CC,L,2,90,7.85,1997-08-26
CC,L,2,40,0.78,1997-08-26
CC,L,2,121,20.12,1997-08-26
CC,L,2,102,11.11,1997-08-26
CC,L,2,91,7.43,1997-08-26
CC,L,2,148,31.58,1997-08-26
CC,L,2,86,6.38,1997-08-26
CC,L,2,50,1.35,1997-08-26
CC,L,2,138,27.63,1997-08-26
CC,L,2,86,6.57,1997-08-26
CC,L,2,43,0.95,1997-08-26
CC,L,2,40,0.67,1997-08-26
CC,L,2,82,5.15,1997-08-26
CC,L,2,93,9.18,1997-08-26
CC,L,2,47,0.96,1997-08-26
CC,L,2,129,25.4,1997-08-26
CC,L,2,107,12.24,1997-08-26
CC,L,2,89,7.05,1997-08-26
CC,L,2,90,7.89,1997-08-26
CC,L,2,141,29.22,1997-08-26
CC,L,2,88,6.74,1997-08-26
CC,L,2,49,1.33,1997-08-26
CC,L,2,42,0.8,1997-08-26
CC,L,2,41,0.79,1997-08-26
CC,L,2,90,7.76,1997-08-26
CC,L,2,44,0.97,1997-08-26
CC,L,2,64,3.58,1997-08-26
CC,L,2,38,0.73,1997-08-26
CC,L,2,40,0.72,1997-08-26
CC,L,2,40,0.84,1997-08-26
CC,L,2,38,0.66,1997-08-26
CC,L,2,41,0.75,1997-08-26
CC,L,2,49,1.28,1997-08-26
CC,L,2,94,9.98,1997-08-26
CC,L,2,34,0.48,1997-08-26
CC,L,2,52,1.36,1997-08-26
CC,L,2,37,0.58,1997-08-26
CC,L,2,52,1.62,1997-08-26
CC,U,1,93,NA,1999-09-01
CC,U,1,47,NA,1999-09-01
CC,U,1,106,NA,1999-09-01
CC,U,1,32,NA,1999-09-01
CC,U,1,36,NA,1999-09-01
CC,U,1,50,NA,1999-09-01
CC,U,1,94,NA,1999-09-01
CC,U,1,121,NA,1999-09-01
CC,U,1,35,NA,1999-09-01
CC,U,1,36,NA,1999-09-01
CC,U,1,39,NA,1999-09-01
CC,U,1,48,NA,1999-09-01
CC,U,1,127,NA,1999-09-01
CC,U,1,91,NA,1999-09-01
CC,U,1,104,NA,1999-09-01
CC,U,1,124,NA,1999-09-01
CC,U,1,38,NA,1999-09-01
CC,U,1,95,NA,1999-09-01
CC,U,1,97,NA,1999-09-01
CC,U,1,95,NA,1999-09-01
CC,U,1,50,NA,1999-09-01
CC,U,1,34,NA,1999-09-01
CC,U,1,105,NA,1999-09-01
CC,U,1,48,NA,1999-09-01
CC,U,1,43,NA,1999-09-01
CC,U,1,37,NA,1999-09-01
CC,U,1,44,NA,1999-09-01
CC,U,1,40,NA,1999-09-01
CC,U,1,104,NA,1999-09-01
CC,U,1,143,NA,1999-09-01
CC,U,1,118,NA,1999-09-01
CC,U,1,41,NA,1999-09-01
CC,U,1,93,NA,1999-09-01
CC,U,1,94,NA,1999-09-01
CC,U,1,105,NA,1999-09-01
CC,U,1,144,NA,1999-09-01
CC,U,1,93,NA,1999-09-01
CC,U,1,108,NA,1999-09-01
CC,U,1,37,NA,1999-09-01
CC,U,1,93,NA,1999-09-01
CC,U,1,95,NA,1999-09-01
CC,U,1,86,NA,1999-09-01
CC,U,1,81,NA,1999-09-01
CC,U,1,115,NA,1999-09-01
CC,U,1,93,NA,1999-09-01
CC,U,1,89,NA,1999-09-01
CC,U,1,153,NA,1999-09-01
CC,U,1,48,NA,1999-09-01
CC,U,1,46,NA,1999-09-01
CC,U,1,96,NA,1999-09-01
CC,U,1,85,NA,1999-09-01
CC,U,1,143,NA,1999-09-01
CC,U,1,83,NA,1999-09-01
CC,U,1,91,NA,1999-09-01
CC,U,1,94,NA,1999-09-01
CC,U,1,94,NA,1999-09-01
CC,U,1,113,NA,1999-09-01
CC,U,1,93,NA,1999-09-01
CC,U,1,128,NA,1999-09-01
CC,U,1,96,NA,1999-09-01
CC,U,1,95,NA,1999-09-01
CC,U,1,86,NA,1999-09-01
CC,U,1,78,NA,1999-09-01
CC,U,1,164,NA,1999-09-01
CC,U,1,153,NA,1999-09-01
CC,U,1,99,NA,1999-09-01
CC,U,1,81,NA,1999-09-01
CC,U,1,97,NA,1999-09-01
CC,U,1,41,NA,1999-09-01
CC,U,1,47,NA,1999-09-01
CC,U,1,27,NA,1999-09-01
CC,U,1,40,NA,1999-09-01
CC,U,1,95,NA,1999-09-01
CC,U,1,83,NA,1999-09-01
CC,U,1,97,NA,1999-09-01
CC,U,1,97,NA,1999-09-01
CC,U,1,134,NA,1999-09-01
CC,U,1,135,NA,1999-09-01
CC,U,1,125,NA,1999-09-01
CC,U,1,80,NA,1999-09-01
CC,U,2,168,NA,1999-09-01
CC,U,2,97,NA,1999-09-01
CC,U,2,93,NA,1999-09-01
CC,U,2,103,NA,1999-09-01
CC,U,2,90,NA,1999-09-01
CC,U,2,35,NA,1999-09-01
CC,U,2,29,NA,1999-09-01
CC,U,2,48,NA,1999-09-01
CC,U,2,31,NA,1999-09-01
CC,U,2,92,NA,1999-09-01
CC,U,2,95,NA,1999-09-01
CC,U,2,128,NA,1999-09-01
CC,U,2,38,NA,1999-09-01
CC,U,2,38,NA,1999-09-01
CC,U,2,90,NA,1999-09-01
CC,U,2,41,NA,1999-09-01
CC,U,2,125,NA,1999-09-01
CC,U,2,77,NA,1999-09-01
CC,U,2,49,NA,1999-09-01
CC,U,2,120,NA,1999-09-01
CC,U,2,97,NA,1999-09-01
CC,U,2,43,NA,1999-09-01
CC,U,2,34,NA,1999-09-01
CC,U,2,35,NA,1999-09-01
CC,U,2,110,NA,1999-09-01
CC,L,1,45,1.1,2008-09-17
CC,L,1,74,5,2008-09-17
CC,L,1,87,6.5,2008-09-17
CC,L,1,95,11,2008-09-17
CC,L,1,70,4.4,2008-09-17
CC,L,1,97,8.8,2008-09-17
CC,L,1,89,8.9,2008-09-17
CC,L,1,109,12,2008-09-17
CC,L,1,95,9.2,2008-09-17
CC,L,1,103,10.7,2008-09-17
CC,L,1,87,6.5,2008-09-17
CC,L,1,103,16.3,2008-09-17
CC,L,1,95,8.4,2008-09-17
CC,L,1,145,30.5,2008-09-17
CC,L,1,110,16.1,2008-09-17
CC,L,1,83,5.6,2008-09-17
CC,L,1,105,11.6,2008-09-17
CC,L,1,42,0.9,2008-09-17
CC,L,1,30,0.3,2008-09-17
CC,L,1,38,0.8,2008-09-17
CC,L,1,47,1.3,2008-09-17
CC,L,1,44,1,2008-09-17
CC,L,1,80,6.2,2008-09-17
CC,L,1,34,0.3,2008-09-17
CC,L,1,92,7.6,2008-09-17
CC,L,1,86,5.7,2008-09-17
CC,L,1,127,22.8,2008-09-17
CC,L,1,75,4.4,2008-09-17
CC,L,1,95,10.1,2008-09-17
CC,L,1,102,10.4,2008-09-17
CC,L,1,34,0.6,2008-09-17
CC,L,1,44,1.3,2008-09-17
CC,L,1,40,0.7,2008-09-17
CC,L,1,92,7.8,2008-09-17
CC,L,1,43,0.8,2008-09-17
CC,L,1,44,1.3,2008-09-17
CC,L,1,37,0.7,2008-09-17
CC,L,1,45,1.3,2008-09-17
CC,L,1,80,5.4,2008-09-17
CC,L,1,85,6.3,2008-09-17
CC,L,1,107,13.2,2008-09-17
CC,L,1,78,5.5,2008-09-17
CC,L,1,102,10,2008-09-17
CC,L,1,104,10.2,2008-09-17
CC,L,1,90,7.4,2008-09-17
CC,L,1,80,5.2,2008-09-17
CC,L,1,94,8.1,2008-09-17
CC,L,1,118,17.3,2008-09-17
CC,L,1,97,8.8,2008-09-17
CC,L,1,104,10.5,2008-09-17
CC,L,1,85,6.6,2008-09-17
CC,L,1,140,28.1,2008-09-17
CC,L,1,72,3.7,2008-09-17
CC,L,1,86,7.1,2008-09-17
CC,L,1,91,7.4,2008-09-17
CC,L,1,95,8.9,2008-09-17
CC,L,1,95,8.4,2008-09-17
CC,L,1,95,8.1,2008-09-17
CC,L,1,77,5.9,2008-09-17
CC,L,1,95,10,2008-09-17
CC,L,1,92,7.6,2008-09-17
CC,L,1,90,7.6,2008-09-17
CC,L,1,114,15.2,2008-09-17
CC,L,1,81,5.9,2008-09-17
CC,L,1,86,6.1,2008-09-17
CC,L,1,95,8.7,2008-09-17
CC,L,1,121,17.4,2008-09-17
CC,L,1,89,7.2,2008-09-17
CC,L,1,119,18.5,2008-09-17
CC,L,1,80,5.3,2008-09-17
CC,L,1,157,33.7,2008-09-17
CC,L,1,133,23,2008-09-17
CC,L,1,253,36.4,2008-09-17
CC,L,1,117,15.6,2008-09-17
CC,L,1,100,9.1,2008-09-17
CC,L,1,144,29.5,2008-09-17
CC,L,1,39,0.8,2008-09-17
CC,L,1,113,14,2008-09-17
CC,L,1,158,45.3,2008-09-17
CC,L,1,130,22.8,2008-09-17
CC,L,1,94,8.5,2008-09-17
CC,L,1,41,0.9,2008-09-17
CC,L,2,38,0.8,2008-09-17
CC,L,2,54,1.6,2008-09-17
CC,L,2,91,7.8,2008-09-17
CC,L,2,104,11.5,2008-09-17
CC,L,2,37,0.6,2008-09-17
CC,L,2,42,0.8,2008-09-17
CC,L,2,68,3.4,2008-09-17
CC,L,2,37,0.7,2008-09-17
CC,L,2,45,0.9,2008-09-17
CC,L,2,38,0.5,2008-09-17
CC,L,2,43,0.7,2008-09-17
CC,L,2,47,0.9,2008-09-17
CC,L,2,115,15.9,2008-09-17
CC,L,2,90,7.5,2008-09-17
CC,L,2,38,0.7,2008-09-17
CC,L,2,147,35.4,2008-09-17
CC,L,2,123,21.4,2008-09-17
CC,L,2,97,9.4,2008-09-17
CC,L,2,92,7.8,2008-09-17
CC,L,2,113,15.5,2008-09-17
CC,L,2,125,21.1,2008-09-17
CC,L,2,118,17.2,2008-09-17
CC,L,2,93,7.8,2008-09-17
CC,L,2,112,14,2008-09-17
CC,U,1,41,0.8,2019-09-04
CC,U,1,53,1.7,2019-09-04
CC,U,1,101,10.8,2019-09-04
CC,U,1,82,5.8,2019-09-04
CC,U,1,104,11,2019-09-04
CC,U,1,90,8.2,2019-09-04
CC,U,1,48,1.2,2019-09-04
CC,U,1,52,1.7,2019-09-04
CC,U,1,51,1.4,2019-09-04
CC,U,1,53,1.8,2019-09-04
CC,U,1,53,1.7,2019-09-04
CC,U,1,42,0.9,2019-09-04
CC,U,1,45,1,2019-09-04
CC,U,1,49,1.4,2019-09-04
CC,U,1,53,1.6,2019-09-04
CC,U,1,46,1,2019-09-04
CC,U,1,51,1.4,2019-09-04
CC,U,1,36,0.6,2019-09-04
CC,U,1,48,1.2,2019-09-04
CC,U,1,49,1.3,2019-09-04
CC,U,1,53,1.6,2019-09-04
CC,U,1,114,15.7,2019-09-04
CC,U,1,118,16.8,2019-09-04
CC,U,1,85,7,2019-09-04
CC,U,1,84,6.3,2019-09-04
CC,U,1,77,4.8,2019-09-04
CC,U,1,125,20.6,2019-09-04
CC,U,1,130,22.6,2019-09-04
CC,U,1,103,13.3,2019-09-04
CC,U,1,95,9.6,2019-09-04
CC,U,1,100,9.2,2019-09-04
CC,U,1,96,9.5,2019-09-04
CC,U,1,89,7.3,2019-09-04
CC,U,1,78,5.2,2019-09-04
CC,U,1,85,6.6,2019-09-04
CC,U,1,90,7.2,2019-09-04
CC,U,1,38,0.7,2019-09-04
CC,U,1,102,10.5,2019-09-04
CC,U,1,86,6.4,2019-09-04
CC,U,1,85,6.4,2019-09-04
CC,U,1,74,4,2019-09-04
CC,U,1,83,5.6,2019-09-04
CC,U,1,76,5.2,2019-09-04
CC,U,1,42,0.8,2019-09-04
CC,U,1,42,0.9,2019-09-04
CC,U,1,48,1.2,2019-09-04
CC,U,1,42,0.9,2019-09-04
CC,U,1,43,0.9,2019-09-04
CC,U,1,42,0.8,2019-09-04
CC,U,1,110,14.3,2019-09-04
CC,U,1,129,22.6,2019-09-04
CC,U,1,141,27.5,2019-09-04
CC,U,1,111,13.9,2019-09-04
CC,U,1,118,16.7,2019-09-04
CC,U,1,98,11,2019-09-04
CC,U,1,100,10.4,2019-09-04
CC,U,1,93,8.7,2019-09-04
CC,U,1,82,5.9,2019-09-04
CC,U,1,47,1.1,2019-09-04
CC,U,1,42,0.8,2019-09-04
CC,U,1,176,44.7,2019-09-04
CC,U,1,125,17.8,2019-09-04
CC,U,1,100,10,2019-09-04
CC,U,1,117,17.3,2019-09-04
CC,U,1,112,15,2019-09-04
CC,U,1,100,10.4,2019-09-04
CC,U,1,96,8.8,2019-09-04
CC,U,1,95,9.2,2019-09-04
CC,U,1,47,4,2019-09-04
CC,U,2,45,0.9,2019-09-04
CC,U,2,45,0.9,2019-09-04
CC,U,2,48,1.1,2019-09-04
CC,U,2,49,1.4,2019-09-04
CC,U,2,41,0.8,2019-09-04
CC,U,2,105,11.9,2019-09-04
CC,U,2,88,7.8,2019-09-04
CC,U,2,115,14.9,2019-09-04
CC,U,2,78,5.1,2019-09-04
CC,U,2,76,4.9,2019-09-04
CC,U,2,36,0.5,2019-09-04
CC,U,2,133,24.4,2019-09-04
CC,U,2,38,0.6,2019-09-04
CC,U,2,36,0.5,2019-09-04
OG,L,1,49,1.05,1990-08-16
OG,L,1,150,30.45,1990-08-16
OG,L,1,95,7.8,1990-08-16
OG,L,1,144,25.45,1990-08-16
OG,L,1,111,12.45,1990-08-16
OG,L,1,92,7.6,1990-08-16
OG,L,1,36,0.75,1990-08-16
OG,L,1,131,19.8,1990-08-16
OG,L,1,94,7.35,1990-08-16
OG,L,1,94,7.95,1990-08-16
OG,L,1,90,6.75,1990-08-16
OG,L,1,86,5.85,1990-08-16
OG,L,1,146,30.3,1990-08-16
OG,L,1,73,3.15,1990-08-16
OG,L,1,47,1.05,1990-08-16
OG,L,1,114,17.1,1990-08-16
OG,L,1,108,10.65,1990-08-16
OG,L,1,88,6.25,1990-08-16
OG,L,1,43,0.8,1990-08-16
OG,L,1,41,1.1,1990-08-16
OG,L,1,143,25.75,1990-08-16
OG,L,1,90,7.15,1990-08-16
OG,L,1,129,17.8,1990-08-16
OG,L,1,127,18.1,1990-08-16
OG,L,1,38,0.55,1990-08-16
OG,L,1,45,1.1,1990-08-16
OG,L,1,125,15.85,1990-08-16
OG,L,1,97,11.45,1990-08-16
OG,L,1,82,5.25,1990-08-16
OG,L,1,148,27.2,1990-08-16
OG,L,1,112,12.45,1990-08-16
OG,L,1,50,1.3,1990-08-16
OG,L,1,90,6.3,1990-08-16
OG,L,1,94,7.95,1990-08-16
OG,L,1,109,12.2,1990-08-16
OG,L,1,117,13,1990-08-16
OG,L,1,87,6.15,1990-08-16
OG,L,1,160,38.2,1990-08-16
OG,L,1,38,0.5,1990-08-16
OG,L,1,74,4.15,1990-08-16
OG,L,1,104,10.55,1990-08-16
OG,L,1,40,0.65,1990-08-16
OG,L,1,63,2.8,1990-08-16
OG,L,1,41,0.95,1990-08-16
OG,L,1,35,0.7,1990-08-16
OG,L,1,41,1.05,1990-08-16
OG,L,1,38,0.3,1990-08-16
OG,L,1,34,0.3,1990-08-16
OG,L,1,47,0.8,1990-08-16
OG,L,1,36,0.55,1990-08-16
OG,L,1,39,0.5,1990-08-16
OG,L,1,31,0.25,1990-08-16
OG,L,1,96,7.05,1990-08-16
OG,L,1,86,6,1990-08-16
OG,L,1,120,14.1,1990-08-16
OG,L,1,125,17.15,1990-08-16
OG,L,1,105,10.5,1990-08-16
OG,L,1,140,23.95,1990-08-16
OG,L,1,144,24.45,1990-08-16
OG,L,1,145,27.8,1990-08-16
OG,L,1,44,0.9,1990-08-16
OG,L,1,87,6.45,1990-08-16
OG,L,1,91,6.65,1990-08-16
OG,L,1,88,6.45,1990-08-16
OG,L,1,92,6.85,1990-08-16
OG,L,2,37,0.65,1990-08-16
OG,L,2,32,0.5,1990-08-16
OG,L,2,87,6.1,1990-08-16
OG,L,2,95,8,1990-08-16
OG,L,2,89,6.7,1990-08-16
OG,L,2,137,24.65,1990-08-16
OG,L,2,87,6.35,1990-08-16
OG,L,2,45,1,1990-08-16
OG,L,2,33,0.3,1990-08-16
OG,L,2,124,16.05,1990-08-16
OG,L,2,91,6.85,1990-08-16
OG,L,2,101,9,1990-08-16
OG,L,2,44,0.85,1990-08-16
OG,L,2,93,8.4,1990-08-16
OG,L,2,103,11.65,1990-08-16
OG,L,2,88,5.75,1990-08-16
OG,L,2,82,5.75,1990-08-16
OG,M,1,91,7.05,1990-08-16
OG,M,1,98,7.35,1990-08-16
OG,M,1,101,11,1990-08-16
OG,M,1,121,14.8,1990-08-16
OG,M,1,95,7.4,1990-08-16
OG,M,1,156,33.15,1990-08-16
OG,M,1,148,26.5,1990-08-16
OG,M,1,162,36.5,1990-08-16
OG,M,1,38,0.55,1990-08-16
OG,M,1,42,0.6,1990-08-16
OG,M,1,37,0.4,1990-08-16
OG,M,1,83,4.95,1990-08-16
OG,M,1,94,7.8,1990-08-16
OG,M,1,97,7.15,1990-08-16
OG,M,1,108,10.15,1990-08-16
OG,M,1,73,3.25,1990-08-16
OG,M,1,126,16.6,1990-08-16
OG,M,1,91,6.55,1990-08-16
OG,M,1,93,6.55,1990-08-16
OG,M,1,94,8.25,1990-08-16
OG,M,1,132,19.95,1990-08-16
OG,M,1,43,0.7,1990-08-16
OG,M,1,89,5.9,1990-08-16
OG,M,1,86,8.9,1990-08-16
OG,M,1,92,7.2,1990-08-16
OG,M,1,133,22.1,1990-08-16
OG,M,1,35,0.45,1990-08-16
OG,M,1,65,3.45,1990-08-16
OG,M,1,97,8.5,1990-08-16
OG,M,1,99,8.2,1990-08-16
OG,M,1,121,15.5,1990-08-16
OG,M,1,125,17.5,1990-08-16
OG,M,1,45,0.75,1990-08-16
OG,M,1,41,0.65,1990-08-16
OG,M,1,113,12.35,1990-08-16
OG,M,1,87,6.05,1990-08-16
OG,M,1,98,8.2,1990-08-16
OG,M,1,89,6.1,1990-08-16
OG,M,1,80,5.45,1990-08-16
OG,M,1,134,22,1990-08-16
OG,M,1,38,0.5,1990-08-16
OG,M,1,123,17,1990-08-16
OG,M,1,139,24.9,1990-08-16
OG,M,1,130,18.6,1990-08-16
OG,M,1,117,14.25,1990-08-16
OG,M,1,102,8.7,1990-08-16
OG,M,1,96,8.1,1990-08-16
OG,M,2,89,6.75,1990-08-16
OG,M,2,122,16.2,1990-08-16
OG,M,2,113,12.9,1990-08-16
OG,M,2,170,42.45,1990-08-16
OG,M,2,36,0.4,1990-08-16
OG,M,2,126,17.85,1990-08-16
OG,M,2,85,5.95,1990-08-16
OG,M,2,116,15.65,1990-08-16
OG,M,2,136,20.25,1990-08-16
OG,M,2,46,0.95,1990-08-16
OG,M,2,41,0.6,1990-08-16
OG,M,2,119,14.9,1990-08-16
OG,M,2,44,0.75,1990-08-16
OG,M,2,87,7.15,1990-08-16
OG,M,2,127,19.9,1990-08-16
OG,U,1,37,0.55,1990-08-16
OG,U,1,124,16,1990-08-16
OG,U,1,82,5.95,1990-08-16
OG,U,1,100,9.05,1990-08-16
OG,U,1,86,5.85,1990-08-16
OG,U,1,45,0.85,1990-08-16
OG,U,1,41,1,1990-08-16
OG,U,1,96,7.45,1990-08-16
OG,U,1,109,11.8,1990-08-16
OG,U,1,104,11.35,1990-08-16
OG,U,1,73,4.55,1990-08-16
OG,U,1,122,15.25,1990-08-16
OG,U,1,114,11.75,1990-08-16
OG,U,1,114,12.8,1990-08-16
OG,U,1,92,6.9,1990-08-16
OG,U,1,125,16.8,1990-08-16
OG,U,1,97,7.45,1990-08-16
OG,U,1,42,0.75,1990-08-16
OG,U,1,35,0.45,1990-08-16
OG,U,1,40,0.8,1990-08-16
OG,U,1,91,7.25,1990-08-16
OG,U,1,140,24,1990-08-16
OG,U,1,83,5.2,1990-08-16
OG,U,1,31,0.4,1990-08-16
OG,U,1,34,0.45,1990-08-16
OG,U,1,138,19.9,1990-08-16
OG,U,1,116,15.2,1990-08-16
OG,U,1,142,22.7,1990-08-16
OG,U,1,102,9.2,1990-08-16
OG,U,1,106,13.75,1990-08-16
OG,U,1,128,19.85,1990-08-16
OG,U,1,156,34.2,1990-08-16
OG,U,1,81,4.9,1990-08-16
OG,U,1,124,19.5,1990-08-16
OG,U,1,44,0.75,1990-08-16
OG,U,1,152,30.75,1990-08-16
OG,U,1,100,8.15,1990-08-16
OG,U,1,95,7.6,1990-08-16
OG,U,1,137,22,1990-08-16
OG,U,1,77,5.35,1990-08-16
OG,U,1,123,16.55,1990-08-16
OG,U,1,114,13.4,1990-08-16
OG,U,1,85,5.2,1990-08-16
OG,U,1,37,0.45,1990-08-16
OG,U,1,84,6.65,1990-08-16
OG,U,1,158,34.95,1990-08-16
OG,U,1,106,13,1990-08-16
OG,U,1,92,7.2,1990-08-16
OG,U,1,36,0.5,1990-08-16
OG,U,1,39,0.6,1990-08-16
OG,U,1,35,0.4,1990-08-16
OG,U,1,92,7.65,1990-08-16
OG,U,1,39,0.55,1990-08-16
OG,U,1,40,0.65,1990-08-16
OG,U,1,89,6.3,1990-08-16
OG,U,1,113,11.75,1990-08-16
OG,U,1,118,14.45,1990-08-16
OG,U,1,154,34.9,1990-08-16
OG,U,1,42,0.75,1990-08-16
OG,U,1,38,0.5,1990-08-16
OG,U,1,97,8.7,1990-08-16
OG,U,1,116,14.5,1990-08-16
OG,U,1,35,0.5,1990-08-16
OG,U,1,80,4.85,1990-08-16
OG,U,1,120,16.5,1990-08-16
OG,U,1,93,6.95,1990-08-16
OG,U,1,141,23.2,1990-08-16
OG,U,2,37,0.6,1990-08-16
OG,U,2,37,0.5,1990-08-16
OG,U,2,139,25,1990-08-16
OG,U,2,40,0.65,1990-08-16
OG,U,2,91,8.05,1990-08-16
OG,U,2,140,24.65,1990-08-16
OG,U,2,88,6.65,1990-08-16
OG,U,2,82,6,1990-08-16
OG,U,2,135,23.1,1990-08-16
OG,U,2,79,4.8,1990-08-16
OG,U,2,80,4.75,1990-08-16
OG,U,2,88,6.85,1990-08-16
OG,U,2,44,0.8,1990-08-16
OG,U,2,127,20.3,1990-08-16
OG,L,1,59,1.91,1992-09-02
OG,L,1,130,18.15,1992-09-02
OG,L,1,118,14.34,1992-09-02
OG,L,1,86,5.71,1992-09-02
OG,L,1,97,7.5,1992-09-02
OG,L,1,114,12.73,1992-09-02
OG,L,1,155,33.8,1992-09-02
OG,L,1,105,9.26,1992-09-02
OG,L,1,104,9.1,1992-09-02
OG,L,1,91,6.83,1992-09-02
OG,L,1,44,0.88,1992-09-02
OG,L,1,53,1.47,1992-09-02
OG,L,1,51,1.14,1992-09-02
OG,L,1,64,2.7,1992-09-02
OG,L,1,97,8.2,1992-09-02
OG,L,1,87,5.89,1992-09-02
OG,L,1,86,5.33,1992-09-02
OG,L,1,128,20.17,1992-09-02
OG,L,1,79,4.42,1992-09-02
OG,L,1,129,17.95,1992-09-02
OG,L,1,53,1.57,1992-09-02
OG,L,1,108,10.57,1992-09-02
OG,L,1,94,7.52,1992-09-02
OG,L,1,109,10.13,1992-09-02
OG,L,1,86,5.95,1992-09-02
OG,L,1,93,7.04,1992-09-02
OG,L,1,121,16.53,1992-09-02
OG,L,1,50,1.3,1992-09-02
OG,L,1,99,8.29,1992-09-02
OG,L,1,80,4.51,1992-09-02
OG,L,1,86,5.94,1992-09-02
OG,L,1,111,11.73,1992-09-02
OG,L,1,103,8.81,1992-09-02
OG,L,1,120,15.3,1992-09-02
OG,L,1,128,15.6,1992-09-02
OG,L,1,55,1.56,1992-09-02
OG,L,1,59,1.84,1992-09-02
OG,L,1,49,1.5,1992-09-02
OG,L,1,78,5.59,1992-09-02
OG,L,1,95,10.36,1992-09-02
OG,L,1,47,0.95,1992-09-02
OG,L,1,48,1.15,1992-09-02
OG,L,1,42,0.64,1992-09-02
OG,L,1,41,0.57,1992-09-02
OG,L,1,41,0.7,1992-09-02
OG,L,1,80,4.32,1992-09-02
OG,L,1,85,5.29,1992-09-02
OG,L,1,92,6.75,1992-09-02
OG,L,1,91,6.7,1992-09-02
OG,L,1,111,10.78,1992-09-02
OG,L,1,103,9.31,1992-09-02
OG,L,1,120,15.88,1992-09-02
OG,L,1,58,1.64,1992-09-02
OG,L,1,140,23.65,1992-09-02
OG,L,1,93,6.72,1992-09-02
OG,L,1,162,37.98,1992-09-02
OG,L,1,116,12.48,1992-09-02
OG,L,1,111,12.09,1992-09-02
OG,L,1,53,1.48,1992-09-02
OG,L,1,48,1.02,1992-09-02
OG,L,2,54,1.95,1992-09-02
OG,L,2,138,26.97,1992-09-02
OG,L,2,45,1.13,1992-09-02
OG,L,2,46,0.94,1992-09-02
OG,L,2,152,26.25,1992-09-02
OG,L,2,53,1.47,1992-09-02
OG,L,2,57,1.83,1992-09-02
OG,L,2,85,5.85,1992-09-02
OG,L,2,102,9.23,1992-09-02
OG,L,2,99,8.62,1992-09-02
OG,L,2,89,6.72,1992-09-02
OG,L,2,85,5.99,1992-09-02
OG,L,1,49,1.3,1993-09-02
OG,L,1,56,1.39,1993-09-02
OG,L,1,43,0.87,1993-09-02
OG,L,1,52,1.15,1993-09-02
OG,L,1,55,1.69,1993-09-02
OG,L,1,98,NA,1993-09-02
OG,L,1,122,NA,1993-09-02
OG,L,1,121,NA,1993-09-02
OG,L,1,136,NA,1993-09-02
OG,L,1,112,NA,1993-09-02
OG,L,1,167,NA,1993-09-02
OG,L,1,90,NA,1993-09-02
OG,L,1,47,0.91,1993-09-02
OG,L,1,46,0.93,1993-09-02
OG,L,1,52,1.27,1993-09-02
OG,L,1,49,1.12,1993-09-02
OG,L,1,93,NA,1993-09-02
OG,L,1,92,NA,1993-09-02
OG,L,1,114,NA,1993-09-02
OG,L,1,103,NA,1993-09-02
OG,L,1,39,0.67,1993-09-02
OG,L,1,47,0.94,1993-09-02
OG,L,1,89,NA,1993-09-02
OG,L,1,142,NA,1993-09-02
OG,L,1,111,NA,1993-09-02
OG,L,1,114,NA,1993-09-02
OG,L,1,129,NA,1993-09-02
OG,L,1,113,NA,1993-09-02
OG,L,1,93,NA,1993-09-02
OG,L,1,112,NA,1993-09-02
OG,L,1,99,NA,1993-09-02
OG,L,1,116,NA,1993-09-02
OG,L,1,48,0.98,1993-09-02
OG,L,1,58,1.69,1993-09-02
OG,L,1,110,NA,1993-09-02
OG,L,1,107,NA,1993-09-02
OG,L,1,88,NA,1993-09-02
OG,L,1,121,NA,1993-09-02
OG,L,1,128,NA,1993-09-02
OG,L,1,141,NA,1993-09-02
OG,L,1,103,NA,1993-09-02
OG,L,1,107,NA,1993-09-02
OG,L,1,85,NA,1993-09-02
OG,L,1,124,NA,1993-09-02
OG,L,1,113,NA,1993-09-02
OG,L,1,89,NA,1993-09-02
OG,L,1,103,NA,1993-09-02
OG,L,1,34,0.3,1993-09-02
OG,L,1,46,0.91,1993-09-02
OG,L,1,49,1.14,1993-09-02
OG,L,1,51,1.04,1993-09-02
OG,L,1,34,0.34,1993-09-02
OG,L,1,42,0.75,1993-09-02
OG,L,1,129,NA,1993-09-02
OG,L,1,88,8.08,1993-09-02
OG,L,1,141,NA,1993-09-02
OG,L,1,78,NA,1993-09-02
OG,L,1,83,NA,1993-09-02
OG,L,1,127,NA,1993-09-02
OG,L,1,142,NA,1993-09-02
OG,L,1,91,NA,1993-09-02
OG,L,1,75,NA,1993-09-02
OG,L,1,86,NA,1993-09-02
OG,L,1,87,NA,1993-09-02
OG,L,1,101,NA,1993-09-02
OG,L,1,129,NA,1993-09-02
OG,L,1,146,NA,1993-09-02
OG,L,1,90,NA,1993-09-02
OG,L,1,86,NA,1993-09-02
OG,L,1,105,NA,1993-09-02
OG,L,1,NA,NA,1993-09-02
OG,L,2,39,0.64,1993-09-02
OG,L,2,50,1.23,1993-09-02
OG,L,2,100,NA,1993-09-02
OG,L,2,125,NA,1993-09-02
OG,L,2,52,1.56,1993-09-02
OG,L,2,122,NA,1993-09-02
OG,L,2,45,0.91,1993-09-02
OG,L,2,95,NA,1993-09-02
OG,L,2,130,NA,1993-09-02
OG,L,2,85,NA,1993-09-02
OG,L,1,48,1.2,1994-08-31
OG,L,1,56,1.5,1994-08-31
OG,L,1,81,5,1994-08-31
OG,L,1,74,3.8,1994-08-31
OG,L,1,69,4,1994-08-31
OG,L,1,89,6.4,1994-08-31
OG,L,1,44,0.8,1994-08-31
OG,L,1,130,21.9,1994-08-31
OG,L,1,91,7,1994-08-31
OG,L,1,116,13.4,1994-08-31
OG,L,1,103,10,1994-08-31
OG,L,1,96,7.3,1994-08-31
OG,L,1,164,37.4,1994-08-31
OG,L,1,48,0.9,1994-08-31
OG,L,1,41,0.7,1994-08-31
OG,L,1,51,1.2,1994-08-31
OG,L,1,86,NA,1994-08-31
OG,L,1,98,NA,1994-08-31
OG,L,1,112,NA,1994-08-31
OG,L,1,111,NA,1994-08-31
OG,L,1,125,NA,1994-08-31
OG,L,1,94,NA,1994-08-31
OG,L,1,114,NA,1994-08-31
OG,L,1,128,NA,1994-08-31
OG,L,1,90,NA,1994-08-31
OG,L,1,105,NA,1994-08-31
OG,L,1,86,NA,1994-08-31
OG,L,1,109,NA,1994-08-31
OG,L,1,119,NA,1994-08-31
OG,L,1,97,NA,1994-08-31
OG,L,1,51,1.2,1994-08-31
OG,L,1,95,NA,1994-08-31
OG,L,1,75,NA,1994-08-31
OG,L,1,99,10.8,1994-08-31
OG,L,1,99,NA,1994-08-31
OG,L,1,149,NA,1994-08-31
OG,L,1,121,NA,1994-08-31
OG,L,1,140,NA,1994-08-31
OG,L,1,42,0.7,1994-08-31
OG,L,1,45,0.9,1994-08-31
OG,L,1,60,NA,1994-08-31
OG,L,1,75,NA,1994-08-31
OG,L,1,43,0.8,1994-08-31
OG,L,1,36,0.3,1994-08-31
OG,L,1,38,0.5,1994-08-31
OG,L,1,51,1.1,1994-08-31
OG,L,1,39,0.3,1994-08-31
OG,L,1,64,3.3,1994-08-31
OG,L,1,52,1.4,1994-08-31
OG,L,1,41,0.8,1994-08-31
OG,L,1,110,NA,1994-08-31
OG,L,1,144,NA,1994-08-31
OG,L,1,79,NA,1994-08-31
OG,L,1,40,0.8,1994-08-31
OG,L,1,124,NA,1994-08-31
OG,L,1,99,NA,1994-08-31
OG,L,1,118,NA,1994-08-31
OG,L,1,83,NA,1994-08-31
OG,L,1,107,NA,1994-08-31
OG,L,1,92,NA,1994-08-31
OG,L,1,99,NA,1994-08-31
OG,L,1,81,NA,1994-08-31
OG,L,1,84,NA,1994-08-31
OG,L,2,85,NA,1994-08-31
OG,L,2,46,0.8,1994-08-31
OG,L,2,41,0.6,1994-08-31
OG,L,2,67,NA,1994-08-31
OG,L,2,60,NA,1994-08-31
OG,L,2,88,NA,1994-08-31
OG,L,2,81,NA,1994-08-31
OG,L,2,91,NA,1994-08-31
OG,L,2,83,NA,1994-08-31
OG,L,2,95,NA,1994-08-31
OG,L,2,87,NA,1994-08-31
OG,L,2,44,0.7,1994-08-31
OG,L,2,38,0.4,1994-08-31
OG,L,2,86,NA,1994-08-31
OG,L,2,82,NA,1994-08-31
OG,L,2,111,NA,1994-08-31
OG,M,1,134,NA,1994-08-31
OG,M,1,126,NA,1994-08-31
OG,M,1,82,NA,1994-08-31
OG,M,1,104,NA,1994-08-31
OG,M,1,147,NA,1994-08-31
OG,M,1,91,NA,1994-08-31
OG,M,1,175,NA,1994-08-31
OG,M,1,50,1.2,1994-08-31
OG,M,1,50,1.2,1994-08-31
OG,M,1,95,NA,1994-08-31
OG,M,1,72,4.5,1994-08-31
OG,M,1,83,NA,1994-08-31
OG,M,1,92,NA,1994-08-31
OG,M,1,93,NA,1994-08-31
OG,M,1,116,NA,1994-08-31
OG,M,1,90,NA,1994-08-31
OG,M,1,38,0.6,1994-08-31
OG,M,1,48,0.8,1994-08-31
OG,M,1,121,NA,1994-08-31
OG,M,1,84,NA,1994-08-31
OG,M,1,135,NA,1994-08-31
OG,M,1,104,NA,1994-08-31
OG,M,1,99,NA,1994-08-31
OG,M,1,80,NA,1994-08-31
OG,M,1,108,NA,1994-08-31
OG,M,1,145,NA,1994-08-31
OG,M,1,89,NA,1994-08-31
OG,M,1,114,NA,1994-08-31
OG,M,1,131,NA,1994-08-31
OG,M,1,51,1.2,1994-08-31
OG,M,1,48,1.1,1994-08-31
OG,M,1,100,NA,1994-08-31
OG,M,1,78,5.3,1994-08-31
OG,M,1,66,NA,1994-08-31
OG,M,1,135,NA,1994-08-31
OG,M,1,50,1.3,1994-08-31
OG,M,1,47,1.1,1994-08-31
OG,M,1,133,NA,1994-08-31
OG,M,1,110,NA,1994-08-31
OG,M,1,41,0.7,1994-08-31
OG,M,1,100,NA,1994-08-31
OG,M,1,90,NA,1994-08-31
OG,M,1,77,NA,1994-08-31
OG,M,1,74,5.6,1994-08-31
OG,M,1,80,NA,1994-08-31
OG,M,1,102,NA,1994-08-31
OG,M,1,87,NA,1994-08-31
OG,M,1,51,1.1,1994-08-31
OG,M,1,32,0.3,1994-08-31
OG,M,1,50,1.3,1994-08-31
OG,M,1,46,0.9,1994-08-31
OG,M,1,72,NA,1994-08-31
OG,M,1,155,NA,1994-08-31
OG,M,1,112,NA,1994-08-31
OG,M,1,89,NA,1994-08-31
OG,M,1,38,0.4,1994-08-31
OG,M,1,131,NA,1994-08-31
OG,M,1,107,NA,1994-08-31
OG,M,1,95,NA,1994-08-31
OG,M,1,140,NA,1994-08-31
OG,M,1,82,NA,1994-08-31
OG,M,1,120,NA,1994-08-31
OG,M,1,91,NA,1994-08-31
OG,M,2,47,0.8,1994-08-31
OG,M,2,155,NA,1994-08-31
OG,M,2,121,NA,1994-08-31
OG,M,2,91,NA,1994-08-31
OG,M,2,90,NA,1994-08-31
OG,M,2,127,NA,1994-08-31
OG,M,2,91,NA,1994-08-31
OG,M,2,131,NA,1994-08-31
OG,M,2,87,NA,1994-08-31
OG,M,2,34,0.4,1994-08-31
OG,M,2,55,1.4,1994-08-31
OG,M,2,102,NA,1994-08-31
OG,M,2,83,NA,1994-08-31
OG,M,2,85,6.9,1994-08-31
OG,M,2,84,NA,1994-08-31
OG,M,2,80,NA,1994-08-31
OG,M,2,136,NA,1994-08-31
OG,M,2,78,NA,1994-08-31
OG,M,2,74,NA,1994-08-31
OG,M,2,95,NA,1994-08-31
OG,U,1,87,NA,1994-08-31
OG,U,1,54,1.6,1994-08-31
OG,U,1,44,1,1994-08-31
OG,U,1,129,NA,1994-08-31
OG,U,1,116,NA,1994-08-31
OG,U,1,98,NA,1994-08-31
OG,U,1,92,NA,1994-08-31
OG,U,1,100,NA,1994-08-31
OG,U,1,49,1.1,1994-08-31
OG,U,1,95,NA,1994-08-31
OG,U,1,77,NA,1994-08-31
OG,U,1,100,NA,1994-08-31
OG,U,1,76,NA,1994-08-31
OG,U,1,53,1.3,1994-08-31
OG,U,1,73,NA,1994-08-31
OG,U,1,88,NA,1994-08-31
OG,U,1,87,NA,1994-08-31
OG,U,1,43,0.8,1994-08-31
OG,U,1,49,1.2,1994-08-31
OG,U,1,42,0.8,1994-08-31
OG,U,1,40,0.6,1994-08-31
OG,U,1,84,NA,1994-08-31
OG,U,1,44,0.7,1994-08-31
OG,U,1,53,1.4,1994-08-31
OG,U,1,161,NA,1994-08-31
OG,U,1,93,NA,1994-08-31
OG,U,1,130,NA,1994-08-31
OG,U,1,116,NA,1994-08-31
OG,U,1,121,NA,1994-08-31
OG,U,1,94,NA,1994-08-31
OG,U,1,130,NA,1994-08-31
OG,U,1,103,NA,1994-08-31
OG,U,1,88,NA,1994-08-31
OG,U,1,94,NA,1994-08-31
OG,U,1,84,NA,1994-08-31
OG,U,1,85,NA,1994-08-31
OG,U,1,75,NA,1994-08-31
OG,U,1,80,NA,1994-08-31
OG,U,1,50,1.3,1994-08-31
OG,U,1,43,0.7,1994-08-31
OG,U,1,46,1,1994-08-31
OG,U,1,38,0.6,1994-08-31
OG,U,1,42,0.7,1994-08-31
OG,U,1,46,1,1994-08-31
OG,U,1,48,1.1,1994-08-31
OG,U,1,54,1.8,1994-08-31
OG,U,1,46,1,1994-08-31
OG,U,1,48,1.1,1994-08-31
OG,U,1,121,NA,1994-08-31
OG,U,1,90,NA,1994-08-31
OG,U,1,49,1.1,1994-08-31
OG,U,1,50,1.5,1994-08-31
OG,U,1,84,NA,1994-08-31
OG,U,1,125,NA,1994-08-31
OG,U,1,52,1.6,1994-08-31
OG,U,1,46,1.1,1994-08-31
OG,U,1,129,NA,1994-08-31
OG,U,1,88,NA,1994-08-31
OG,U,1,115,NA,1994-08-31
OG,U,1,53,1.6,1994-08-31
OG,U,1,42,0.7,1994-08-31
OG,U,1,55,1.3,1994-08-31
OG,U,1,50,1.2,1994-08-31
OG,U,1,84,NA,1994-08-31
OG,U,1,153,NA,1994-08-31
OG,U,1,45,0.8,1994-08-31
OG,U,1,43,0.7,1994-08-31
OG,U,1,43,0.7,1994-08-31
OG,U,1,50,1.1,1994-08-31
OG,U,1,45,0.9,1994-08-31
OG,U,1,134,NA,1994-08-31
OG,U,1,110,NA,1994-08-31
OG,U,1,160,NA,1994-08-31
OG,U,1,91,NA,1994-08-31
OG,U,1,132,NA,1994-08-31
OG,U,1,121,NA,1994-08-31
OG,U,1,107,NA,1994-08-31
OG,U,1,112,NA,1994-08-31
OG,U,1,110,NA,1994-08-31
OG,U,1,100,NA,1994-08-31
OG,U,1,92,NA,1994-08-31
OG,U,1,80,NA,1994-08-31
OG,U,1,87,NA,1994-08-31
OG,U,1,73,NA,1994-08-31
OG,U,1,84,NA,1994-08-31
OG,U,1,47,1,1994-08-31
OG,U,1,54,1.4,1994-08-31
OG,U,1,49,1.2,1994-08-31
OG,U,1,37,0.5,1994-08-31
OG,U,1,44,1,1994-08-31
OG,U,2,40,0.5,1994-08-31
OG,U,2,80,NA,1994-08-31
OG,U,2,129,NA,1994-08-31
OG,U,2,134,NA,1994-08-31
OG,U,2,95,NA,1994-08-31
OG,U,2,79,NA,1994-08-31
OG,U,2,46,NA,1994-08-31
OG,U,2,47,NA,1994-08-31
OG,U,2,40,NA,1994-08-31
OG,U,2,73,NA,1994-08-31
OG,U,2,111,NA,1994-08-31
OG,U,2,84,NA,1994-08-31
OG,U,2,50,NA,1994-08-31
OG,U,2,52,NA,1994-08-31
OG,U,2,52,NA,1994-08-31
OG,U,2,77,NA,1994-08-31
OG,U,2,50,NA,1994-08-31
OG,U,2,91,NA,1994-08-31
OG,U,2,32,NA,1994-08-31
OG,U,2,55,NA,1994-08-31
OG,U,2,45,NA,1994-08-31
OG,U,1,125,21.64,1997-08-26
OG,U,1,45,1.16,1997-08-26
OG,U,1,97,9.31,1997-08-26
OG,U,1,126,20.69,1997-08-26
OG,U,1,48,1.48,1997-08-26
OG,U,1,52,1.57,1997-08-26
OG,U,1,135,30.8,1997-08-26
OG,U,1,73,4.96,1997-08-26
OG,U,1,95,8.18,1997-08-26
OG,U,1,45,1.11,1997-08-26
OG,U,1,102,11.53,1997-08-26
OG,U,1,38,0.61,1997-08-26
OG,U,1,149,33.84,1997-08-26
OG,U,1,37,0.5,1997-08-26
OG,U,1,44,0.98,1997-08-26
OG,U,1,32,0.33,1997-08-26
OG,U,1,41,0.72,1997-08-26
OG,U,1,40,0.62,1997-08-26
OG,U,1,46,1.01,1997-08-26
OG,U,1,142,31.03,1997-08-26
OG,U,1,92,7.95,1997-08-26
OG,U,1,97,9.18,1997-08-26
OG,U,1,41,0.91,1997-08-26
OG,U,1,46,1.12,1997-08-26
OG,U,1,47,1.03,1997-08-26
OG,U,1,47,1.23,1997-08-26
OG,U,1,122,20.43,1997-08-26
OG,U,1,44,0.89,1997-08-26
OG,U,1,93,8.39,1997-08-26
OG,U,1,104,11.44,1997-08-26
OG,U,1,109,13.48,1997-08-26
OG,U,1,118,18.88,1997-08-26
OG,U,1,46,0.98,1997-08-26
OG,U,1,32,0.36,1997-08-26
OG,U,1,41,0.76,1997-08-26
OG,U,1,37,0.64,1997-08-26
OG,U,1,43,0.91,1997-08-26
OG,U,1,81,6.36,1997-08-26
OG,U,1,103,11.23,1997-08-26
OG,U,1,87,7,1997-08-26
OG,U,1,96,8.81,1997-08-26
OG,U,1,47,0.83,1997-08-26
OG,U,1,83,6.17,1997-08-26
OG,U,1,175,55.33,1997-08-26
OG,U,1,47,1.15,1997-08-26
OG,U,1,42,0.83,1997-08-26
OG,U,1,48,1.35,1997-08-26
OG,U,1,95,9.49,1997-08-26
OG,U,1,107,13.99,1997-08-26
OG,U,1,43,0.82,1997-08-26
OG,U,1,87,6.89,1997-08-26
OG,U,1,122,19.29,1997-08-26
OG,U,1,112,13.1,1997-08-26
OG,U,1,144,35.14,1997-08-26
OG,U,1,107,13.36,1997-08-26
OG,U,1,121,20.83,1997-08-26
OG,U,1,122,19.99,1997-08-26
OG,U,1,38,0.65,1997-08-26
OG,U,1,37,0.54,1997-08-26
OG,U,1,48,1.29,1997-08-26
OG,U,1,41,0.8,1997-08-26
OG,U,1,40,0.55,1997-08-26
OG,U,1,40,0.8,1997-08-26
OG,U,1,55,1.73,1997-08-26
OG,U,1,49,1.38,1997-08-26
OG,U,1,111,16,1997-08-26
OG,U,1,134,26.59,1997-08-26
OG,U,1,144,31.83,1997-08-26
OG,U,1,91,7.95,1997-08-26
OG,U,1,134,27.15,1997-08-26
OG,U,1,44,0.89,1997-08-26
OG,U,1,44,1.02,1997-08-26
OG,U,1,35,0.43,1997-08-26
OG,U,1,44,0.96,1997-08-26
OG,U,1,29,0.21,1997-08-26
OG,U,1,89,8.05,1997-08-26
OG,U,1,75,5.56,1997-08-26
OG,U,1,33,0.38,1997-08-26
OG,U,1,39,0.77,1997-08-26
OG,U,1,45,1.02,1997-08-26
OG,U,1,98,9.57,1997-08-26
OG,U,1,53,1.89,1997-08-26
OG,U,1,112,14.44,1997-08-26
OG,U,1,99,9.39,1997-08-26
OG,U,1,106,12.67,1997-08-26
OG,U,1,46,0.16,1997-08-26
OG,U,1,45,1.08,1997-08-26
OG,U,1,44,1.01,1997-08-26
OG,U,1,82,6.26,1997-08-26
OG,U,1,110,15.4,1997-08-26
OG,U,1,96,9.47,1997-08-26
OG,U,1,100,10.53,1997-08-26
OG,U,1,45,0.97,1997-08-26
OG,U,1,47,1.06,1997-08-26
OG,U,1,115,15.51,1997-08-26
OG,U,1,52,1.47,1997-08-26
OG,U,1,42,0.74,1997-08-26
OG,U,1,136,30.44,1997-08-26
OG,U,1,43,0.95,1997-08-26
OG,U,1,44,0.92,1997-08-26
OG,U,1,46,1.17,1997-08-26
OG,U,1,49,1.46,1997-08-26
OG,U,1,44,1.02,1997-08-26
OG,U,1,44,0.97,1997-08-26
OG,U,1,46,1.17,1997-08-26
OG,U,1,47,1.25,1997-08-26
OG,U,1,49,1.35,1997-08-26
OG,U,1,41,0.68,1997-08-26
OG,U,1,100,10.64,1997-08-26
OG,U,2,49,1.32,1997-08-26
OG,U,2,36,0.45,1997-08-26
OG,U,2,40,0.89,1997-08-26
OG,U,2,123,20.83,1997-08-26
OG,U,2,45,104,1997-08-26
OG,U,2,104,15.75,1997-08-26
OG,U,2,121,18.56,1997-08-26
OG,U,2,50,1.27,1997-08-26
OG,U,2,46,1.16,1997-08-26
OG,U,2,40,0.83,1997-08-26
OG,U,2,47,1.37,1997-08-26
OG,U,2,46,1,1997-08-26
OG,U,2,32,0.36,1997-08-26
OG,U,2,41,0.73,1997-08-26
OG,U,2,37,0.62,1997-08-26
OG,U,2,100,10.53,1997-08-26
OG,U,2,108,12.81,1997-08-26
OG,U,2,106,12.14,1997-08-26
OG,U,2,31,0.29,1997-08-26
OG,U,2,39,0.75,1997-08-26
OG,U,2,46,1.11,1997-08-26
OG,U,2,38,0.73,1997-08-26
OG,U,2,47,1.11,1997-08-26
OG,U,2,31,0.39,1997-08-26
OG,U,2,44,0.81,1997-08-26
OG,L,1,118,NA,1999-09-01
OG,L,1,96,NA,1999-09-01
OG,L,1,98,NA,1999-09-01
OG,L,1,93,NA,1999-09-01
OG,L,1,101,NA,1999-09-01
OG,L,1,137,NA,1999-09-01
OG,L,1,148,NA,1999-09-01
OG,L,1,119,NA,1999-09-01
OG,L,1,77,NA,1999-09-01
OG,L,1,127,NA,1999-09-01
OG,L,1,43,NA,1999-09-01
OG,L,1,43,NA,1999-09-01
OG,L,1,36,NA,1999-09-01
OG,L,1,132,NA,1999-09-01
OG,L,1,35,NA,1999-09-01
OG,L,1,120,NA,1999-09-01
OG,L,1,150,NA,1999-09-01
OG,L,1,144,NA,1999-09-01
OG,L,1,45,NA,1999-09-01
OG,L,1,45,NA,1999-09-01
OG,L,1,122,NA,1999-09-01
OG,L,1,173,NA,1999-09-01
OG,L,1,102,NA,1999-09-01
OG,L,1,83,NA,1999-09-01
OG,L,1,42,NA,1999-09-01
OG,L,1,47,NA,1999-09-01
OG,L,1,47,NA,1999-09-01
OG,L,1,51,NA,1999-09-01
OG,L,1,118,NA,1999-09-01
OG,L,1,45,NA,1999-09-01
OG,L,1,38,NA,1999-09-01
OG,L,1,126,NA,1999-09-01
OG,L,1,118,NA,1999-09-01
OG,L,1,91,NA,1999-09-01
OG,L,1,146,NA,1999-09-01
OG,L,1,44,NA,1999-09-01
OG,L,1,46,NA,1999-09-01
OG,L,1,98,NA,1999-09-01
OG,L,1,127,NA,1999-09-01
OG,L,1,116,NA,1999-09-01
OG,L,1,113,NA,1999-09-01
OG,L,1,114,NA,1999-09-01
OG,L,1,114,NA,1999-09-01
OG,L,1,35,NA,1999-09-01
OG,L,1,121,NA,1999-09-01
OG,L,1,94,NA,1999-09-01
OG,L,1,119,NA,1999-09-01
OG,L,1,125,NA,1999-09-01
OG,L,1,124,NA,1999-09-01
OG,L,1,90,NA,1999-09-01
OG,L,2,128,NA,1999-09-01
OG,L,2,47,NA,1999-09-01
OG,L,2,51,NA,1999-09-01
OG,L,2,96,NA,1999-09-01
OG,L,2,159,NA,1999-09-01
OG,L,2,48,NA,1999-09-01
OG,L,2,87,NA,1999-09-01
OG,L,2,94,NA,1999-09-01
OG,L,2,103,NA,1999-09-01
OG,L,2,76,NA,1999-09-01
OG,L,2,117,NA,1999-09-01
OG,L,2,45,NA,1999-09-01
OG,L,2,36,NA,1999-09-01
OG,L,2,46,NA,1999-09-01
OG,L,2,44,NA,1999-09-01
OG,L,2,44,NA,1999-09-01
OG,L,2,131,NA,1999-09-01
OG,L,2,144,NA,1999-09-01
OG,L,2,109,NA,1999-09-01
OG,L,2,149,NA,1999-09-01
OG,U,1,44,0.79,2008-09-17
OG,U,1,46,1.46,2008-09-17
OG,U,1,42,0.73,2008-09-17
OG,U,1,47,1.08,2008-09-17
OG,U,1,52,1.39,2008-09-17
OG,U,1,150,34.27,2008-09-17
OG,U,1,49,1.44,2008-09-17
OG,U,1,51,1.15,2008-09-17
OG,U,1,89,7.15,2008-09-17
OG,U,1,81,5.54,2008-09-17
OG,U,1,139,27.64,2008-09-17
OG,U,1,117,16.13,2008-09-17
OG,U,1,95,8.27,2008-09-17
OG,U,1,115,14.55,2008-09-17
OG,U,1,78,4.4,2008-09-17
OG,U,1,84,6.58,2008-09-17
OG,U,1,88,6.44,2008-09-17
OG,U,1,105,11.07,2008-09-17
OG,U,1,132,22.48,2008-09-17
OG,U,1,114,14.53,2008-09-17
OG,U,1,115,15.36,2008-09-17
OG,U,1,127,19.8,2008-09-17
OG,U,1,149,33.75,2008-09-17
OG,U,1,47,1.04,2008-09-17
OG,U,1,82,6.12,2008-09-17
OG,U,1,72,4.33,2008-09-17
OG,U,1,111,16.76,2008-09-17
OG,U,1,102,11.15,2008-09-17
OG,U,1,47,1.1,2008-09-17
OG,U,1,96,8.95,2008-09-17
OG,U,1,108,12.11,2008-09-17
OG,U,1,134,24.92,2008-09-17
OG,U,1,130,22.65,2008-09-17
OG,U,1,119,17.64,2008-09-17
OG,U,1,95,8.17,2008-09-17
OG,U,1,119,16.25,2008-09-17
OG,U,1,101,9.87,2008-09-17
OG,U,1,136,26.1,2008-09-17
OG,U,1,168,48.91,2008-09-17
OG,U,1,121,21.17,2008-09-17
OG,U,1,164,41.27,2008-09-17
OG,U,1,151,35.35,2008-09-17
OG,U,1,51,1.17,2008-09-17
OG,U,1,49,0.94,2008-09-17
OG,U,1,52,1.24,2008-09-17
OG,U,1,75,4.01,2008-09-17
OG,U,1,89,6.94,2008-09-17
OG,U,1,89,7.36,2008-09-17
OG,U,1,80,5.16,2008-09-17
OG,U,1,101,10.3,2008-09-17
OG,U,1,127,19.89,2008-09-17
OG,U,1,138,24.04,2008-09-17
OG,U,1,98,8.99,2008-09-17
OG,U,1,116,15.58,2008-09-17
OG,U,1,126,18.61,2008-09-17
OG,U,1,140,31.09,2008-09-17
OG,U,1,135,18.56,2008-09-17
OG,U,1,129,20.23,2008-09-17
OG,U,1,129,20.57,2008-09-17
OG,U,1,48,1.07,2008-09-17
OG,U,1,34,0.37,2008-09-17
OG,U,1,88,7.05,2008-09-17
OG,U,1,97,9.58,2008-09-17
OG,U,1,35,0.39,2008-09-17
OG,U,1,83,6.69,2008-09-17
OG,U,1,31,0.27,2008-09-17
OG,U,1,51,1.48,2008-09-17
OG,U,1,41,0.76,2008-09-17
OG,U,1,47,0.96,2008-09-17
OG,U,1,51,1.24,2008-09-17
OG,U,1,44,0.79,2008-09-17
OG,U,1,45,0.86,2008-09-17
OG,U,1,50,1.19,2008-09-17
OG,U,1,43,0.86,2008-09-17
OG,U,1,86,4.73,2008-09-17
OG,U,1,38,0.57,2008-09-17
OG,U,1,44,0.87,2008-09-17
OG,U,1,46,1.03,2008-09-17
OG,U,1,41,0.66,2008-09-17
OG,U,1,75,4.45,2008-09-17
OG,U,1,103,10.58,2008-09-17
OG,U,1,50,1.2,2008-09-17
OG,U,1,128,21.6,2008-09-17
OG,U,1,90,7.59,2008-09-17
OG,U,1,117,15.49,2008-09-17
OG,U,1,123,21.64,2008-09-17
OG,U,1,128,19.87,2008-09-17
OG,U,1,106,12.04,2008-09-17
OG,U,1,100,10.02,2008-09-17
OG,U,1,88,6.83,2008-09-17
OG,U,1,82,5.84,2008-09-17
OG,U,1,102,11.08,2008-09-17
OG,U,1,119,18.77,2008-09-17
OG,U,1,111,14.2,2008-09-17
OG,U,2,45,NA,2008-09-17
OG,U,2,129,20.01,2008-09-17
OG,U,2,98,9.5,2008-09-17
OG,U,2,109,13.03,2008-09-17
OG,U,2,86,NA,2008-09-17
OG,U,2,104,10.97,2008-09-17
OG,U,2,55,NA,2008-09-17
OG,U,2,45,NA,2008-09-17
OG,U,2,47,NA,2008-09-17
OG,U,2,47,NA,2008-09-17
OG,U,2,48,NA,2008-09-17
OG,U,2,42,NA,2008-09-17
OG,U,2,45,NA,2008-09-17
OG,U,2,88,NA,2008-09-17
OG,U,2,111,14.48,2008-09-17
OG,L,1,44,0.9,2019-09-04
OG,L,1,43,0.8,2019-09-04
OG,L,1,113,15.8,2019-09-04
OG,L,1,102,10.6,2019-09-04
OG,L,1,86,7.1,2019-09-04
OG,L,1,103,11.2,2019-09-04
OG,L,1,87,6.5,2019-09-04
OG,L,1,71,4,2019-09-04
OG,L,1,41,0.7,2019-09-04
OG,L,1,138,28.4,2019-09-04
OG,L,1,102,10.9,2019-09-04
OG,L,1,112,15,2019-09-04
OG,L,1,113,14,2019-09-04
OG,L,1,96,8.3,2019-09-04
OG,L,1,127,22.8,2019-09-04
OG,L,1,86,7.2,2019-09-04
OG,L,1,95,8.6,2019-09-04
OG,L,1,39,0.7,2019-09-04
OG,L,1,33,0.8,2019-09-04
OG,L,1,38,0.7,2019-09-04
OG,L,1,48,1.2,2019-09-04
OG,L,1,38,0.7,2019-09-04
OG,L,1,45,1,2019-09-04
OG,L,1,49,1.3,2019-09-04
OG,L,1,43,0.9,2019-09-04
OG,L,1,127,21.4,2019-09-04
OG,L,1,136,29.1,2019-09-04
OG,L,1,108,12.5,2019-09-04
OG,L,1,100,10.8,2019-09-04
OG,L,1,100,10.1,2019-09-04
OG,L,1,92,7.9,2019-09-04
OG,L,1,127,20,2019-09-04
OG,L,1,95,9.5,2019-09-04
OG,L,1,110,14,2019-09-04
OG,L,1,104,11.6,2019-09-04
OG,L,1,100,10.2,2019-09-04
OG,L,1,109,13.4,2019-09-04
OG,L,1,85,6.9,2019-09-04
OG,L,1,80,5.6,2019-09-04
OG,L,1,92,9,2019-09-04
OG,L,1,85,6.4,2019-09-04
OG,L,1,86,6.4,2019-09-04
OG,L,1,42,0.7,2019-09-04
OG,L,1,114,15.3,2019-09-04
OG,L,1,147,33,2019-09-04
OG,L,1,95,9.7,2019-09-04
OG,L,1,113,16,2019-09-04
OG,L,1,98,10.9,2019-09-04
OG,L,1,95,8.8,2019-09-04
OG,L,1,71,4.1,2019-09-04
OG,L,1,42,0.8,2019-09-04
OG,L,1,37,0.5,2019-09-04
OG,L,1,28,0.2,2019-09-04
OG,L,1,27,0.2,2019-09-04
OG,L,1,36,0.6,2019-09-04
OG,L,1,44,1,2019-09-04
OG,L,1,40,0.8,2019-09-04
OG,L,1,37,0.5,2019-09-04
OG,L,1,42,0.8,2019-09-04
OG,L,2,47,1.1,2019-09-04
OG,L,2,117,17,2019-09-04
OG,L,2,100,10.1,2019-09-04
OG,L,2,100,10.4,2019-09-04
OG,L,2,80,5.6,2019-09-04
OG,L,2,116,16.7,2019-09-04
OG,L,2,39,0.5,2019-09-04
OG,L,2,31,0.3,2019-09-04
OG,L,2,40,0.7,2019-09-04
OG,M,1,119,17.4,2019-09-04
OG,M,1,94,8.1,2019-09-04
OG,M,1,80,5.8,2019-09-04
OG,M,1,87,6.7,2019-09-04
OG,M,1,116,16.5,2019-09-04
OG,M,1,82,5.8,2019-09-04
OG,M,1,110,14,2019-09-04
OG,M,1,134,23.8,2019-09-04
OG,M,1,114,16,2019-09-04
OG,M,1,97,9.7,2019-09-04
OG,M,1,105,11.8,2019-09-04
OG,M,1,83,5.4,2019-09-04
OG,M,1,71,3.7,2019-09-04
OG,M,1,125,19.6,2019-09-04
OG,M,1,98,10.2,2019-09-04
OG,M,1,83,6.2,2019-09-04
OG,M,1,30,0.3,2019-09-04
OG,M,1,29,0.2,2019-09-04
OG,M,1,32,0.4,2019-09-04
OG,M,1,113,16.3,2019-09-04
OG,M,1,43,0.8,2019-09-04
OG,M,1,37,0.5,2019-09-04
OG,M,1,40,0.9,2019-09-04
OG,M,1,42,0.8,2019-09-04
OG,M,1,32,0.2,2019-09-04
OG,M,1,35,0.4,2019-09-04
OG,M,1,35,0.4,2019-09-04
OG,M,1,46,1,2019-09-04
OG,M,1,40,1,2019-09-04
OG,M,1,41,0.9,2019-09-04
OG,M,1,50,1.4,2019-09-04
OG,M,1,30,0.3,2019-09-04
OG,M,1,32,0.3,2019-09-04
OG,M,1,50,1.3,2019-09-04
OG,M,1,78,4.7,2019-09-04
OG,M,1,98,9.5,2019-09-04
OG,M,1,138,25.6,2019-09-04
OG,M,1,121,16.9,2019-09-04
OG,M,1,108,13,2019-09-04
OG,M,1,146,28.3,2019-09-04
OG,M,1,51,1.4,2019-09-04
OG,M,1,54,1.5,2019-09-04
OG,M,1,51,1.7,2019-09-04
OG,M,1,52,1.6,2019-09-04
OG,M,1,48,1.1,2019-09-04
OG,M,1,116,18.2,2019-09-04
OG,M,1,104,11.4,2019-09-04
OG,M,1,85,6.4,2019-09-04
OG,M,1,74,4.3,2019-09-04
OG,M,1,50,1.3,2019-09-04
OG,M,1,104,12.2,2019-09-04
OG,M,1,98,10.1,2019-09-04
OG,M,1,84,5.7,2019-09-04
OG,M,1,92,6,2019-09-04
OG,M,1,80,5.3,2019-09-04
OG,M,1,75,4.4,2019-09-04
OG,M,2,73,4.5,2019-09-04
OG,M,2,89,7,2019-09-04
OG,M,2,124,20.7,2019-09-04
OG,M,2,36,0.5,2019-09-04
OG,M,2,53,1.7,2019-09-04
OG,M,2,47,1.1,2019-09-04
OG,M,2,105,13.3,2019-09-04
OG,M,2,108,13.6,2019-09-04
OG,M,2,82,5.5,2019-09-04
