date,time,datetime,depth_m,salinity_ppt,ph,do_mg_l,turb_ntu,chl_ug_l,t_c
7/1/15,0:00:24,7/1/15 0:00,0.741,0.12,8.53,10.16,1.9,4.3,24.92
7/1/15,0:15:24,7/1/15 0:15,0.706,0.12,8.45,9.91,2,3.8,24.89
7/1/15,0:30:24,7/1/15 0:30,0.687,0.12,8.38,9.68,1.9,4.3,24.87
7/1/15,0:45:24,7/1/15 0:45,0.684,0.12,8.29,9.47,2,4.3,24.83
7/1/15,1:00:23,7/1/15 1:00,0.73,0.12,7.94,8.49,6.1,10.7,24.66
7/1/15,1:15:24,7/1/15 1:15,0.683,0.12,7.67,7.9,6.1,11.6,24.3
7/1/15,1:30:24,7/1/15 1:30,0.664,0.12,7.75,8.07,5.3,20.7,24.39
7/1/15,1:45:24,7/1/15 1:45,0.659,0.12,7.78,8.02,4.8,5.5,24.36
7/1/15,2:00:24,7/1/15 2:00,0.724,0.12,7.81,8,4.5,5.1,24.36
7/1/15,2:15:24,7/1/15 2:15,0.782,0.12,7.76,7.88,3.9,27.4,24.22
7/1/15,2:30:24,7/1/15 2:30,0.78,0.12,7.71,7.77,4.3,4.4,24.11
7/1/15,2:45:24,7/1/15 2:45,0.762,0.12,7.69,7.69,3.7,4.4,24.04
7/1/15,3:00:23,7/1/15 3:00,0.749,0.12,7.67,7.65,3.6,4.1,23.91
7/1/15,3:15:24,7/1/15 3:15,0.77,0.12,7.66,7.56,3.4,4.4,23.83
7/1/15,3:30:24,7/1/15 3:30,0.807,0.12,7.65,7.53,3.6,14.9,23.8
7/1/15,3:45:23,7/1/15 3:45,0.838,0.12,7.65,7.47,3.5,25.9,23.78
7/1/15,4:00:24,7/1/15 4:00,0.852,0.12,7.65,7.5,3.6,5.2,23.74
7/1/15,4:15:24,7/1/15 4:15,0.865,0.12,7.65,7.44,3.6,6.2,23.73
7/1/15,4:30:24,7/1/15 4:30,0.893,0.12,7.64,7.38,3.1,5.6,23.73
7/1/15,4:45:24,7/1/15 4:45,0.917,0.12,7.64,7.28,3.1,5,23.73
7/1/15,5:00:24,7/1/15 5:00,0.946,0.12,7.64,7.29,3,4.7,23.71
7/1/15,5:15:24,7/1/15 5:15,0.972,0.12,7.64,7.26,3.5,7.8,23.71
7/1/15,5:30:24,7/1/15 5:30,0.995,0.12,7.65,7.21,2.9,4.5,23.71
7/1/15,5:45:24,7/1/15 5:45,1.021,0.12,7.66,7.19,2.9,6.3,23.73
7/1/15,6:00:24,7/1/15 6:00,1.056,0.12,7.68,7.21,2.9,8.2,23.74
7/1/15,6:15:24,7/1/15 6:15,1.09,0.12,7.69,7.19,2.8,15.3,23.75
7/1/15,6:30:23,7/1/15 6:30,1.122,0.12,7.72,7.21,2.9,8.4,23.75
7/1/15,6:45:24,7/1/15 6:45,1.148,0.12,7.76,7.29,2.9,11.4,23.77
7/1/15,7:00:24,7/1/15 7:00,1.176,0.12,7.83,7.48,2.7,10.8,23.79
7/1/15,7:15:24,7/1/15 7:15,1.199,0.12,7.92,7.71,2.7,10.2,23.82
7/1/15,7:30:24,7/1/15 7:30,1.22,0.12,8.01,7.96,2.5,3.5,23.85
7/1/15,7:45:24,7/1/15 7:45,1.237,0.12,8.07,8.04,2.5,4.9,23.89
7/1/15,8:00:24,7/1/15 8:00,1.242,0.12,8.15,8.17,2.5,3.9,23.91
7/1/15,8:15:24,7/1/15 8:15,1.239,0.12,8.15,8.2,2.3,3.4,23.91
7/1/15,8:30:24,7/1/15 8:30,1.233,0.12,8.22,8.43,2.2,4.1,23.9
7/1/15,8:45:24,7/1/15 8:45,1.218,0.12,8.26,8.57,2.1,,23.87
7/1/15,9:00:24,7/1/15 9:00,1.201,0.12,8.3,8.66,2.3,3.2,23.81
7/1/15,9:15:24,7/1/15 9:15,1.177,0.12,8.33,8.77,2.3,2.9,23.78
7/1/15,9:30:24,7/1/15 9:30,1.148,0.12,8.38,8.99,2.3,3.1,23.8
7/1/15,9:45:24,7/1/15 9:45,1.119,0.12,8.44,9.24,2.3,3.3,23.83
7/1/15,10:00:24,7/1/15 10:00,1.088,0.12,8.49,9.5,2.2,2.5,23.88
7/1/15,10:15:24,7/1/15 10:15,1.058,0.12,8.56,9.69,2.1,2.9,23.94
7/1/15,10:30:24,7/1/15 10:30,1.025,0.12,8.62,9.97,2.1,2.8,24.01
7/1/15,10:45:24,7/1/15 10:45,0.992,0.12,8.67,10.36,2.1,2.6,24.08
7/1/15,11:00:24,7/1/15 11:00,0.956,0.12,8.75,10.54,2.1,2.7,24.16
7/1/15,11:15:24,7/1/15 11:15,0.922,0.12,8.83,10.95,2.1,2.7,24.23
7/1/15,11:30:23,7/1/15 11:30,0.89,0.12,8.89,11.2,2.1,3,24.32
7/1/15,11:45:24,7/1/15 11:45,0.857,0.12,8.88,11.4,2.2,6.5,24.39
7/1/15,12:00:24,7/1/15 12:00,0.823,0.12,8.9,11.65,2.3,3,24.47
7/1/15,12:15:24,7/1/15 12:15,0.793,0.12,9.02,11.99,2.1,2.6,24.58
7/1/15,12:30:24,7/1/15 12:30,0.764,0.12,9.07,12.33,2.2,2.6,24.7
7/1/15,12:45:23,7/1/15 12:45,0.735,0.12,9.04,12.62,2.2,2.8,24.82
7/1/15,13:00:23,7/1/15 13:00,0.706,0.12,9.13,12.85,2.1,2.7,24.91
7/1/15,13:15:24,7/1/15 13:15,0.672,0.12,9.18,13.23,2,2.8,25.03
7/1/15,13:30:24,7/1/15 13:30,0.642,0.12,9.2,13.45,2,2.4,25.08
7/1/15,13:45:24,7/1/15 13:45,0.613,0.12,9.27,13.76,2.1,4.6,25.19
7/1/15,14:00:24,7/1/15 14:00,0.584,0.12,9.27,13.99,1.9,3.3,25.29
7/1/15,14:15:24,7/1/15 14:15,0.555,0.12,9.29,14.19,2.2,3.3,25.38
7/1/15,14:30:23,7/1/15 14:30,0.528,0.12,9.29,14.4,2.6,4.1,25.47
7/1/15,14:45:23,7/1/15 14:45,0.504,0.12,9.31,14.59,6.5,3.2,25.56
7/1/15,15:00:24,7/1/15 15:00,0.486,0.12,9.33,14.8,2.5,2.9,25.64
7/1/15,15:15:23,7/1/15 15:15,0.466,0.12,9.34,15.02,2.5,2.3,25.68
7/1/15,15:30:24,7/1/15 15:30,0.453,0.12,9.36,15.18,2.6,2.9,25.76
7/1/15,15:45:23,7/1/15 15:45,0.436,0.12,9.37,15.19,2.6,2.4,25.77
7/1/15,16:00:24,7/1/15 16:00,0.435,0.12,9.4,15.31,2.6,2.6,25.8
7/1/15,16:15:23,7/1/15 16:15,0.432,0.12,9.41,15.46,2.6,2.7,25.87
7/1/15,16:30:24,7/1/15 16:30,0.437,0.12,9.41,15.41,2.6,3,25.9
7/1/15,16:45:24,7/1/15 16:45,0.442,0.12,9.39,15.49,2.8,3.6,25.89
7/1/15,17:00:24,7/1/15 17:00,0.456,0.12,9.42,15.45,2.6,3.5,25.89
7/1/15,17:15:24,7/1/15 17:15,0.471,0.12,9.44,15.79,2.7,12.7,25.91
7/1/15,17:30:24,7/1/15 17:30,0.495,0.12,9.43,15.75,2.8,14.6,25.93
7/1/15,17:45:24,7/1/15 17:45,0.522,0.12,9.45,15.93,2.7,5.5,25.95
7/1/15,18:00:24,7/1/15 18:00,0.551,0.12,9.45,16.06,2.8,2.7,25.94
7/1/15,18:15:24,7/1/15 18:15,0.581,0.11,9.41,15.73,3,3.2,25.85
7/1/15,18:30:24,7/1/15 18:30,0.614,0.11,9.37,15.42,3.2,3.4,25.79
7/1/15,18:45:24,7/1/15 18:45,0.648,0.11,9.33,15.13,3.4,4,25.75
7/1/15,19:00:24,7/1/15 19:00,0.682,0.11,9.33,15.17,3.3,4,25.74
7/1/15,19:15:24,7/1/15 19:15,0.714,0.11,9.32,15.07,3.3,3.7,25.72
7/1/15,19:30:24,7/1/15 19:30,0.741,0.11,9.32,15.03,3.1,3.8,25.71
7/1/15,19:45:24,7/1/15 19:45,0.769,0.11,9.3,14.87,3.1,3.9,25.69
7/1/15,20:00:24,7/1/15 20:00,0.797,0.11,9.29,14.73,3.2,3.8,25.68
7/1/15,20:15:24,7/1/15 20:15,0.816,0.11,9.28,14.59,3.1,3.9,25.66
7/1/15,20:30:24,7/1/15 20:30,0.831,0.11,9.27,14.63,3.1,3.6,25.64
7/1/15,20:45:24,7/1/15 20:45,0.838,0.11,9.28,14.63,3,3.8,25.61
7/1/15,21:00:24,7/1/15 21:00,0.838,0.11,9.28,14.49,3.1,4.3,25.57
7/1/15,21:15:24,7/1/15 21:15,0.837,0.11,9.28,14.52,3,4,25.54
7/1/15,21:30:24,7/1/15 21:30,0.829,0.11,9.31,14.64,2.8,3.5,25.56
7/1/15,21:45:24,7/1/15 21:45,0.82,0.11,9.33,14.79,2.7,3.2,25.57
7/1/15,22:00:24,7/1/15 22:00,0.802,0.11,9.35,14.91,2.5,3,25.57
7/1/15,22:15:24,7/1/15 22:15,0.786,0.11,9.35,14.81,2.2,3.3,25.55
7/1/15,22:30:24,7/1/15 22:30,0.769,0.11,9.35,14.66,2.1,3,25.52
7/1/15,22:45:24,7/1/15 22:45,0.747,0.11,9.35,14.59,2.1,3.1,25.47
7/1/15,23:00:24,7/1/15 23:00,0.726,0.11,9.33,14.49,2.1,3,25.43
7/1/15,23:15:24,7/1/15 23:15,0.704,0.11,9.31,14.35,2.1,3.1,25.37
7/1/15,23:30:24,7/1/15 23:30,0.682,0.11,9.27,13.98,2.2,2.6,25.32
7/1/15,23:45:24,7/1/15 23:45,0.657,0.11,9.23,13.62,2.1,3,25.25
7/2/15,0:00:24,7/2/15 0:00,0.632,0.11,9.15,13.15,2.3,2.9,25.15
7/2/15,0:15:24,7/2/15 0:15,0.603,0.11,9.07,12.69,2.3,3.3,25.05
7/2/15,0:30:24,7/2/15 0:30,0.575,0.11,8.99,12.14,2.3,3.4,24.95
7/2/15,0:45:24,7/2/15 0:45,0.543,0.11,8.9,11.7,2.4,3.1,24.86
7/2/15,1:00:24,7/2/15 1:00,0.518,0.12,8.8,11.2,2.5,3.6,24.77
7/2/15,1:15:24,7/2/15 1:15,0.488,0.12,8.71,10.8,2.5,3.2,24.68
7/2/15,1:30:24,7/2/15 1:30,0.465,0.12,8.61,10.41,2.5,3.1,24.59
7/2/15,1:45:24,7/2/15 1:45,0.443,0.12,8.51,10.04,2.6,3.1,24.51
7/2/15,2:00:24,7/2/15 2:00,0.422,0.12,8.42,9.76,2.5,3.3,24.44
7/2/15,2:15:23,7/2/15 2:15,0.404,0.12,8.33,9.54,2.5,3,24.38
7/2/15,2:30:24,7/2/15 2:30,0.386,0.12,8.24,9.28,2.5,2.9,24.32
7/2/15,2:45:24,7/2/15 2:45,0.369,0.12,8.16,9.03,2.5,3.5,24.26
7/2/15,3:00:24,7/2/15 3:00,0.359,0.12,8.1,8.9,2.4,3.1,24.2
7/2/15,3:15:24,7/2/15 3:15,0.358,0.12,8.04,8.74,2.4,3.2,24.14
7/2/15,3:30:24,7/2/15 3:30,0.36,0.12,7.99,8.58,5.7,7.5,24.12
7/2/15,3:45:24,7/2/15 3:45,0.373,0.12,7.93,8.38,2.6,3.8,24.12
7/2/15,4:00:24,7/2/15 4:00,0.39,0.12,7.92,8.33,2.4,3.7,24.02
7/2/15,4:15:24,7/2/15 4:15,0.411,0.12,7.92,8.34,2.3,3.8,23.97
7/2/15,4:30:24,7/2/15 4:30,0.442,0.12,7.91,8.28,2.3,14.4,23.91
7/2/15,4:45:24,7/2/15 4:45,0.48,0.12,7.89,8.12,2.3,5.4,23.88
7/2/15,5:00:23,7/2/15 5:00,0.52,0.12,7.88,8.03,2.2,33.1,23.86
7/2/15,5:15:24,7/2/15 5:15,0.563,0.12,7.89,7.97,2.1,10.4,23.85
7/2/15,5:30:23,7/2/15 5:30,0.613,0.12,7.93,8.01,2.1,13.3,23.85
7/2/15,5:45:24,7/2/15 5:45,0.661,0.12,7.99,8.14,2,19.1,23.88
7/2/15,6:00:24,7/2/15 6:00,0.71,0.12,8.03,8.29,2,8.4,23.89
7/2/15,6:15:24,7/2/15 6:15,0.766,0.12,8.08,8.38,2.1,3.9,23.9
7/2/15,6:30:24,7/2/15 6:30,0.818,0.12,8.13,8.49,2,4.1,23.91
7/2/15,6:45:23,7/2/15 6:45,0.866,0.12,8.17,8.64,2,4.4,23.92
7/2/15,7:00:24,7/2/15 7:00,0.912,0.12,8.18,8.75,2,7.2,23.91
7/2/15,7:15:24,7/2/15 7:15,0.958,0.12,8.18,8.6,2,4.4,23.9
7/2/15,7:30:24,7/2/15 7:30,0.997,0.12,8.16,8.56,2,5.2,23.88
7/2/15,7:45:24,7/2/15 7:45,1.03,0.12,8.18,8.59,2.4,5.6,23.86
7/2/15,8:00:24,7/2/15 8:00,1.058,0.12,8.17,8.54,2,5,23.86
7/2/15,8:15:24,7/2/15 8:15,1.078,0.12,8.18,8.54,2,5.4,23.85
7/2/15,8:30:23,7/2/15 8:30,1.101,0.12,8.25,8.68,2,5.2,23.84
7/2/15,8:45:23,7/2/15 8:45,1.111,0.12,8.45,9.02,1.6,4,23.86
7/2/15,9:00:24,7/2/15 9:00,1.117,0.12,8.58,9.3,1.5,5.4,23.88
7/2/15,9:15:23,7/2/15 9:15,1.117,0.12,8.64,9.48,1.4,7.5,23.89
7/2/15,9:30:24,7/2/15 9:30,1.109,0.12,8.65,9.43,1.4,7.8,23.87
7/2/15,9:45:24,7/2/15 9:45,1.099,0.12,8.64,9.37,1.3,10.8,23.84
7/2/15,10:00:24,7/2/15 10:00,1.079,0.12,8.61,9.24,1.4,2.8,23.83
7/2/15,10:15:24,7/2/15 10:15,1.06,0.12,8.65,9.25,1.4,2.6,23.84
7/2/15,10:30:24,7/2/15 10:30,1.033,0.12,8.61,9.31,1.4,3.8,23.88
7/2/15,10:45:24,7/2/15 10:45,1.005,0.12,8.58,9.22,1.4,3.6,23.89
7/2/15,11:00:24,7/2/15 11:00,0.972,0.12,8.49,9.05,1.6,3.4,23.87
7/2/15,11:15:24,7/2/15 11:15,0.938,0.12,8.38,8.81,1.6,4.1,23.83
7/2/15,11:30:24,7/2/15 11:30,0.904,0.12,8.31,8.58,1.6,3.7,23.79
7/2/15,11:45:24,7/2/15 11:45,0.871,0.12,8.28,8.44,1.7,3.4,23.77
7/2/15,12:00:23,7/2/15 12:00,0.839,0.12,8.25,8.29,1.7,3.3,23.74
7/2/15,12:15:24,7/2/15 12:15,0.804,0.12,8.26,8.22,1.7,3.4,23.73
7/2/15,12:30:24,7/2/15 12:30,0.77,0.12,8.18,8.21,1.7,3,23.7
7/2/15,12:45:24,7/2/15 12:45,0.737,0.12,8.17,8.34,1.7,3.8,23.67
7/2/15,13:00:24,7/2/15 13:00,0.706,0.12,8.22,8.58,1.7,5.2,23.65
7/2/15,13:15:23,7/2/15 13:15,0.678,0.12,8.2,8.79,1.7,3.1,23.61
7/2/15,13:30:24,7/2/15 13:30,0.648,0.12,8.2,8.9,1.7,3.2,23.55
7/2/15,13:45:24,7/2/15 13:45,0.617,0.12,8.2,8.96,1.7,2.9,23.47
7/2/15,14:00:24,7/2/15 14:00,0.586,0.12,8.19,9.05,1.7,2.9,23.38
7/2/15,14:15:24,7/2/15 14:15,0.556,0.12,8.17,9.12,1.7,3.2,23.28
7/2/15,14:30:24,7/2/15 14:30,0.529,0.12,8.12,9.13,1.8,2.3,23.17
7/2/15,14:45:24,7/2/15 14:45,0.502,0.12,8.14,9.18,1.8,3.1,23.07
7/2/15,15:00:24,7/2/15 15:00,0.477,0.12,8.22,9.35,1.8,2.9,23.01
7/2/15,15:15:24,7/2/15 15:15,0.454,0.12,8.21,9.52,2,3,22.95
7/2/15,15:30:24,7/2/15 15:30,0.432,0.12,8.22,9.62,2,6.6,22.88
7/2/15,15:45:24,7/2/15 15:45,0.413,0.12,8.28,9.81,2,3.9,22.85
7/2/15,16:00:24,7/2/15 16:00,0.397,0.12,8.34,9.91,2,3,22.83
7/2/15,16:15:24,7/2/15 16:15,0.384,0.12,8.36,10.1,2,2.7,22.81
7/2/15,16:30:24,7/2/15 16:30,0.374,0.12,8.41,10.22,2,3,22.8
7/2/15,16:45:24,7/2/15 16:45,0.371,0.12,8.4,10.3,2,8.5,22.79
7/2/15,17:00:24,7/2/15 17:00,0.371,0.12,8.4,10.32,2.1,3.1,22.77
7/2/15,17:15:24,7/2/15 17:15,0.379,0.11,8.39,10.28,2,3.1,22.75
7/2/15,17:30:24,7/2/15 17:30,0.396,0.11,8.36,10.19,2,5.3,22.75
7/2/15,17:45:24,7/2/15 17:45,0.415,0.12,8.35,10.19,2.2,4.3,22.75
7/2/15,18:00:24,7/2/15 18:00,0.441,0.11,8.38,10.3,2,4,22.75
7/2/15,18:15:24,7/2/15 18:15,0.465,0.11,8.38,10.37,2,3,22.73
7/2/15,18:30:24,7/2/15 18:30,0.496,0.12,8.39,10.36,2,2.8,22.74
7/2/15,18:45:24,7/2/15 18:45,0.53,0.12,8.39,10.37,1.9,2.8,22.74
7/2/15,19:00:24,7/2/15 19:00,0.568,0.12,8.4,10.45,2,3.8,22.74
7/2/15,19:15:24,7/2/15 19:15,0.61,0.12,8.39,10.35,1.8,3.5,22.74
7/2/15,19:30:24,7/2/15 19:30,0.65,0.12,8.38,10.28,1.8,3.2,22.74
7/2/15,19:45:24,7/2/15 19:45,0.689,0.12,8.37,10.25,1.8,3.2,22.74
7/2/15,20:00:24,7/2/15 20:00,0.728,0.12,8.34,10.07,1.8,5.1,22.74
7/2/15,20:15:24,7/2/15 20:15,0.762,0.12,8.26,10.01,1.7,4.9,22.74
7/2/15,20:30:24,7/2/15 20:30,0.793,0.12,8.28,9.91,1.7,5,22.73
7/2/15,20:45:24,7/2/15 20:45,0.824,0.12,8.26,9.84,1.7,12.1,22.74
7/2/15,21:00:24,7/2/15 21:00,0.847,0.12,8.24,9.78,1.7,4.6,22.72
7/2/15,21:15:24,7/2/15 21:15,0.86,0.12,8.21,9.79,2,23,22.71
7/2/15,21:30:24,7/2/15 21:30,0.869,0.12,8.23,9.69,1.7,18,22.67
7/2/15,21:45:24,7/2/15 21:45,0.873,0.12,8.24,9.63,1.7,23.5,22.62
7/2/15,22:00:24,7/2/15 22:00,0.872,0.12,8.22,9.5,1.7,28,22.56
7/2/15,22:15:24,7/2/15 22:15,0.87,0.12,8.2,9.52,2,19.3,22.52
7/2/15,22:30:24,7/2/15 22:30,0.859,0.12,8.17,9.48,1.8,19.3,22.47
7/2/15,22:45:24,7/2/15 22:45,0.848,0.12,8.13,9.39,1.8,18.9,22.42
7/2/15,23:00:24,7/2/15 23:00,0.837,0.12,8.08,9.23,1.8,23.6,22.37
7/2/15,23:15:24,7/2/15 23:15,0.822,0.12,8.03,9.09,1.9,7.9,22.33
7/2/15,23:30:24,7/2/15 23:30,0.802,0.11,7.97,8.92,1.8,6,22.29
7/2/15,23:45:24,7/2/15 23:45,0.779,0.11,7.91,8.71,1.8,4.7,22.25
7/3/15,0:00:24,7/3/15 0:00,0.755,0.11,7.85,8.58,1.8,5,22.2
7/3/15,0:15:24,7/3/15 0:15,0.729,0.11,7.8,8.49,2.1,4,22.15
7/3/15,0:30:24,7/3/15 0:30,0.703,0.11,7.76,8.36,2,11.5,22.1
7/3/15,0:45:24,7/3/15 0:45,0.674,0.11,7.72,8.18,2,5.4,22.05
7/3/15,1:00:24,7/3/15 1:00,0.643,0.11,7.67,7.94,2.1,4.3,22.01
7/3/15,1:15:24,7/3/15 1:15,0.613,0.11,7.63,7.77,2.1,4.5,21.97
7/3/15,1:30:24,7/3/15 1:30,0.584,0.11,7.59,7.58,2.1,2.8,21.94
7/3/15,1:45:24,7/3/15 1:45,0.553,0.11,7.56,7.46,2.2,4,21.91
7/3/15,2:00:24,7/3/15 2:00,0.526,0.11,7.54,7.32,2.1,7.3,21.88
7/3/15,2:15:24,7/3/15 2:15,0.5,0.11,7.52,7.2,2.2,3.5,21.85
7/3/15,2:30:23,7/3/15 2:30,0.477,0.11,7.5,7.07,2.2,3,21.83
7/3/15,2:45:24,7/3/15 2:45,0.453,0.11,7.49,6.96,2.3,4.5,21.8
7/3/15,3:00:24,7/3/15 3:00,0.433,0.11,7.48,6.84,2.2,3,21.77
7/3/15,3:15:24,7/3/15 3:15,0.415,0.11,7.47,6.75,2.1,3.1,21.74
7/3/15,3:30:23,7/3/15 3:30,0.4,0.11,7.46,6.68,2.3,2.8,21.71
7/3/15,3:45:24,7/3/15 3:45,0.388,0.11,7.45,6.53,2.2,2.8,21.67
7/3/15,4:00:24,7/3/15 4:00,0.38,0.11,7.45,6.46,2.1,3.3,21.64
7/3/15,4:15:24,7/3/15 4:15,0.378,0.11,7.44,6.35,2.3,4.2,21.6
7/3/15,4:30:24,7/3/15 4:30,0.382,0.11,7.44,6.29,2.2,3.9,21.59
7/3/15,4:45:24,7/3/15 4:45,0.392,0.11,7.44,6.14,2.1,3.2,21.58
7/3/15,5:00:24,7/3/15 5:00,0.41,0.11,7.44,6.11,2,3.3,21.55
7/3/15,5:15:24,7/3/15 5:15,0.429,0.11,7.45,6.22,2.1,2.8,21.52
7/3/15,5:30:23,7/3/15 5:30,0.455,0.11,7.47,6.4,2,3,21.5
7/3/15,5:45:24,7/3/15 5:45,0.488,0.11,7.5,6.5,2.3,3,21.49
7/3/15,6:00:24,7/3/15 6:00,0.527,0.11,7.54,6.65,2,2.9,21.48
7/3/15,6:15:24,7/3/15 6:15,0.572,0.11,7.59,6.76,1.9,2.9,21.49
7/3/15,6:30:24,7/3/15 6:30,0.618,0.11,7.65,6.91,1.9,3.1,21.5
7/3/15,6:45:24,7/3/15 6:45,0.667,0.11,7.74,7.08,1.8,3.1,21.52
7/3/15,7:00:24,7/3/15 7:00,0.717,0.11,7.82,7.27,1.8,2.5,21.56
7/3/15,7:15:23,7/3/15 7:15,0.767,0.11,7.9,7.48,2.1,2.6,21.59
7/3/15,7:30:24,7/3/15 7:30,0.814,0.11,7.99,7.7,1.7,3.1,21.64
7/3/15,7:45:24,7/3/15 7:45,0.861,0.11,8.08,7.86,1.7,2.5,21.68
7/3/15,8:00:24,7/3/15 8:00,0.908,0.11,8.22,8.18,1.8,2.1,21.73
7/3/15,8:15:24,7/3/15 8:15,0.951,0.11,8.3,8.48,1.7,2.4,21.79
7/3/15,8:30:24,7/3/15 8:30,0.989,0.11,8.49,9.06,1.9,2.9,21.84
7/3/15,8:45:24,7/3/15 8:45,1.021,0.11,8.69,9.49,1.8,2.5,21.87
7/3/15,9:00:24,7/3/15 9:00,1.047,0.11,8.67,9.25,1.7,2.5,21.91
7/3/15,9:15:24,7/3/15 9:15,1.067,0.11,8.63,9.57,1.7,2.4,21.98
7/3/15,9:30:24,7/3/15 9:30,1.085,0.11,8.69,9.78,3.2,2.7,22.1
7/3/15,9:45:24,7/3/15 9:45,1.098,0.11,8.71,9.7,1.4,2.2,22.29
7/3/15,10:00:24,7/3/15 10:00,1.105,0.11,8.79,9.89,1.4,2.4,22.39
7/3/15,10:15:24,7/3/15 10:15,1.106,0.12,8.85,10.3,1.4,2.7,22.49
7/3/15,10:30:24,7/3/15 10:30,1.098,0.12,8.9,10.62,1.3,2.2,22.61
7/3/15,10:45:24,7/3/15 10:45,1.087,0.11,8.93,10.89,1.4,2.4,22.73
7/3/15,11:00:24,7/3/15 11:00,1.074,0.11,8.94,11.23,1.4,2.3,22.83
7/3/15,11:15:24,7/3/15 11:15,1.056,0.11,8.98,11.33,1.5,2.4,22.96
7/3/15,11:30:24,7/3/15 11:30,1.035,0.11,9.02,11.5,1.5,2.6,23.1
7/3/15,11:45:24,7/3/15 11:45,1.009,0.11,9.02,11.68,1.5,2.4,23.24
7/3/15,12:00:24,7/3/15 12:00,0.982,0.11,9.04,11.96,1.6,2.9,23.36
7/3/15,12:15:24,7/3/15 12:15,0.954,0.11,9.09,12.31,1.6,2.3,23.51
7/3/15,12:30:24,7/3/15 12:30,0.924,0.11,9.15,12.73,1.6,2.4,23.63
7/3/15,12:45:23,7/3/15 12:45,0.892,0.11,9.17,13.15,2.4,2.6,23.73
7/3/15,13:00:24,7/3/15 13:00,0.859,0.11,9.17,13.36,1.7,2.4,23.81
7/3/15,13:15:24,7/3/15 13:15,0.827,0.11,9.2,13.71,1.6,2,23.9
7/3/15,13:30:24,7/3/15 13:30,0.795,0.1,9.23,14.02,1.5,1.7,24.01
7/3/15,13:45:24,7/3/15 13:45,0.761,0.1,9.26,14.26,1.6,2.2,24.1
7/3/15,14:00:23,7/3/15 14:00,0.726,0.1,9.26,14.63,1.5,2.3,24.18
7/3/15,14:15:24,7/3/15 14:15,0.694,0.1,9.28,14.94,1.5,2.2,24.24
7/3/15,14:30:23,7/3/15 14:30,0.661,0.1,9.3,15.12,1.5,1.8,24.32
7/3/15,14:45:24,7/3/15 14:45,0.632,0.1,9.32,15.32,1.6,2.5,24.39
7/3/15,15:00:24,7/3/15 15:00,0.606,0.1,9.35,15.7,1.5,1.9,24.47
7/3/15,15:15:24,7/3/15 15:15,0.578,0.1,9.38,15.77,1.5,1.9,24.58
7/3/15,15:30:24,7/3/15 15:30,0.551,0.1,9.39,16.03,1.5,1.8,24.67
7/3/15,15:45:24,7/3/15 15:45,0.529,0.1,9.41,16.25,1.5,2,24.72
7/3/15,16:00:24,7/3/15 16:00,0.511,0.1,9.43,16.48,1.6,1.4,24.77
7/3/15,16:15:24,7/3/15 16:15,0.499,0.1,9.44,16.59,1.5,1.9,24.78
7/3/15,16:30:23,7/3/15 16:30,0.487,0.1,9.45,16.59,1.5,1.8,24.79
7/3/15,16:45:24,7/3/15 16:45,0.481,0.1,9.46,16.54,1.5,1.9,24.81
7/3/15,17:00:23,7/3/15 17:00,0.479,0.1,9.47,16.58,1.5,1.7,24.82
7/3/15,17:15:23,7/3/15 17:15,0.484,0.1,9.47,16.63,1.5,2.1,24.83
7/3/15,17:30:24,7/3/15 17:30,0.495,0.1,9.47,16.71,1.5,2.2,24.85
7/3/15,17:45:24,7/3/15 17:45,0.513,0.1,9.48,16.84,1.5,2,24.85
7/3/15,18:00:24,7/3/15 18:00,0.534,0.1,9.49,17,1.5,1.9,24.85
7/3/15,18:15:24,7/3/15 18:15,0.563,0.1,9.49,17.13,1.5,2.2,24.85
7/3/15,18:30:24,7/3/15 18:30,0.597,0.1,9.5,17.22,1.5,2,24.86
7/3/15,18:45:23,7/3/15 18:45,0.634,0.1,9.5,17.1,1.5,2,24.87
7/3/15,19:00:23,7/3/15 19:00,0.676,0.1,9.5,17.13,1.4,1.7,24.87
7/3/15,19:15:23,7/3/15 19:15,0.721,0.1,9.5,17.17,1.4,2.1,24.87
7/3/15,19:30:24,7/3/15 19:30,0.766,0.1,9.49,16.96,1.4,2.3,24.86
7/3/15,19:45:24,7/3/15 19:45,0.813,0.1,9.49,16.86,1.4,1.9,24.85
7/3/15,20:00:23,7/3/15 20:00,0.859,0.1,9.48,16.76,1.4,2.1,24.83
7/3/15,20:15:23,7/3/15 20:15,0.905,0.1,9.47,16.66,1.4,2.3,24.8
7/3/15,20:30:24,7/3/15 20:30,0.949,0.1,9.46,16.72,1.8,2.5,24.77
7/3/15,20:45:24,7/3/15 20:45,0.991,0.1,9.45,16.36,2,2.2,24.73
7/3/15,21:00:24,7/3/15 21:00,1.027,0.1,9.43,16.21,1.9,3.7,24.7
7/3/15,21:15:24,7/3/15 21:15,1.062,0.1,9.42,16.07,2,2.4,24.68
7/3/15,21:30:24,7/3/15 21:30,1.092,0.1,9.41,15.91,1.9,2.3,24.64
7/3/15,21:45:24,7/3/15 21:45,1.118,0.1,9.41,15.71,1.8,2.4,24.62
7/3/15,22:00:23,7/3/15 22:00,1.133,0.1,9.41,15.62,2,2.5,24.6
7/3/15,22:15:24,7/3/15 22:15,1.145,0.1,9.41,15.56,1.5,2.1,24.58
7/3/15,22:30:24,7/3/15 22:30,1.148,0.1,9.4,15.34,1.5,2.3,24.55
7/3/15,22:45:24,7/3/15 22:45,1.147,0.1,9.39,15.16,1.5,2.6,24.52
7/3/15,23:00:24,7/3/15 23:00,1.139,0.1,9.39,15.04,1.5,2.5,24.48
7/3/15,23:15:24,7/3/15 23:15,1.131,0.1,9.39,14.94,1.5,2.5,24.44
7/3/15,23:30:24,7/3/15 23:30,1.114,0.1,9.39,14.85,1.4,2.5,24.38
7/3/15,23:45:24,7/3/15 23:45,1.097,0.1,9.38,14.72,1.4,2.5,24.34
7/4/15,0:00:24,7/4/15 0:00,1.067,0.1,9.36,14.55,1.4,2.8,24.3
7/4/15,0:15:24,7/4/15 0:15,1.045,0.1,9.35,14.39,1.5,2.3,24.25
7/4/15,0:30:24,7/4/15 0:30,1.02,0.1,9.33,14.2,1.4,2.6,24.18
7/4/15,0:45:24,7/4/15 0:45,0.991,0.1,9.32,13.94,1.4,2.3,24.13
7/4/15,1:00:24,7/4/15 1:00,0.964,0.1,9.28,13.68,1.4,2.7,24.07
7/4/15,1:15:24,7/4/15 1:15,0.931,0.1,9.24,13.39,1.4,2.4,24.01
7/4/15,1:30:24,7/4/15 1:30,0.898,0.1,9.2,13,1.5,2.5,23.95
7/4/15,1:45:24,7/4/15 1:45,0.866,0.1,9.14,12.73,1.4,3.1,23.9
7/4/15,2:00:24,7/4/15 2:00,0.831,0.1,9.09,12.32,1.5,2.5,23.86
7/4/15,2:15:24,7/4/15 2:15,0.796,0.1,9.05,12.14,1.4,2.7,23.82
7/4/15,2:30:24,7/4/15 2:30,0.762,0.1,9.01,11.85,1.5,2.8,23.79
7/4/15,2:45:24,7/4/15 2:45,0.727,0.1,8.97,11.65,1.4,2.4,23.77
7/4/15,3:00:24,7/4/15 3:00,0.694,0.1,8.94,11.47,1.4,2.6,23.75
7/4/15,3:15:23,7/4/15 3:15,0.663,0.1,8.9,11.36,1.4,2.2,23.72
7/4/15,3:30:23,7/4/15 3:30,0.636,0.1,8.87,11.19,1.4,2.7,23.7
7/4/15,3:45:24,7/4/15 3:45,0.612,0.1,8.84,10.97,1.4,2.6,23.68
7/4/15,4:00:24,7/4/15 4:00,0.59,0.1,8.8,10.8,1.4,2.6,23.66
7/4/15,4:15:24,7/4/15 4:15,0.573,0.1,8.77,10.71,1.4,2.5,23.63
7/4/15,4:30:24,7/4/15 4:30,0.555,0.1,8.75,10.56,1.4,2.8,23.6
7/4/15,4:45:24,7/4/15 4:45,0.545,0.1,8.73,10.41,1.3,2.8,23.56
7/4/15,5:00:24,7/4/15 5:00,0.543,0.1,8.72,10.39,1.4,2.9,23.53
7/4/15,5:15:24,7/4/15 5:15,0.547,0.1,8.71,10.27,1.2,3.4,23.49
7/4/15,5:30:24,7/4/15 5:30,0.556,0.1,8.68,10.25,1.3,3.3,23.5
7/4/15,5:45:24,7/4/15 5:45,0.574,0.1,8.7,10.24,1.3,2.9,23.44
7/4/15,6:00:24,7/4/15 6:00,0.596,0.1,8.73,10.29,1.2,2.7,23.4
7/4/15,6:15:23,7/4/15 6:15,0.63,0.1,8.77,10.46,1.2,2.4,23.37
7/4/15,6:30:24,7/4/15 6:30,0.663,0.1,8.82,10.64,1.2,2.3,23.37
7/4/15,6:45:24,7/4/15 6:45,0.704,0.1,8.86,10.79,1.2,2.7,23.39
7/4/15,7:00:24,7/4/15 7:00,0.748,0.1,8.9,10.89,1.1,2.4,23.39
7/4/15,7:15:24,7/4/15 7:15,0.796,0.1,8.96,11.09,1.1,2.5,23.41
7/4/15,7:30:24,7/4/15 7:30,0.847,0.1,9,11.31,1.1,3,23.44
7/4/15,7:45:24,7/4/15 7:45,0.897,0.1,9.03,11.41,1.1,2.5,23.48
7/4/15,8:00:24,7/4/15 8:00,0.946,0.1,9.04,11.51,1.1,2.5,23.5
7/4/15,8:15:24,7/4/15 8:15,0.993,0.1,9.06,11.65,1.1,2.8,23.51
7/4/15,8:30:24,7/4/15 8:30,1.035,0.1,9.08,11.68,1.2,2.6,23.53
7/4/15,8:45:24,7/4/15 8:45,1.071,0.1,9.09,11.91,1,3.2,23.54
7/4/15,9:00:24,7/4/15 9:00,1.107,0.1,9.12,11.99,1,3.2,23.54
7/4/15,9:15:24,7/4/15 9:15,1.138,0.1,9.13,12.04,1.1,3.6,23.54
7/4/15,9:30:24,7/4/15 9:30,1.166,0.1,9.15,12.25,1,3.4,23.55
7/4/15,9:45:24,7/4/15 9:45,1.188,0.1,9.16,12.3,1.2,3.6,23.56
7/4/15,10:00:24,7/4/15 10:00,1.201,0.1,9.15,12.21,1.1,2.8,23.59
7/4/15,10:15:24,7/4/15 10:15,1.211,0.1,9.13,12.09,1.2,2.6,23.61
7/4/15,10:30:24,7/4/15 10:30,1.216,0.1,9.13,12.2,1.2,2.9,23.62
7/4/15,10:45:24,7/4/15 10:45,1.215,0.1,9.12,12.13,1.2,3.6,23.64
7/4/15,11:00:24,7/4/15 11:00,1.206,0.1,9.11,12.14,1.3,3,23.64
7/4/15,11:15:24,7/4/15 11:15,1.19,0.1,9.12,12.15,1.3,3.4,23.65
7/4/15,11:30:24,7/4/15 11:30,1.175,0.1,9.11,12.12,1.3,3,23.67
7/4/15,11:45:24,7/4/15 11:45,1.151,0.1,9.09,12.1,1.2,3.1,23.67
7/4/15,12:00:24,7/4/15 12:00,1.127,0.1,9.07,11.98,1.2,3.5,23.67
7/4/15,12:15:24,7/4/15 12:15,1.103,0.1,9.06,11.97,1.3,2.8,23.67
7/4/15,12:30:24,7/4/15 12:30,1.073,0.1,9.04,11.92,1.3,2.7,23.66
7/4/15,12:45:24,7/4/15 12:45,1.041,0.1,8.98,11.68,1.4,2.8,23.63
7/4/15,13:00:24,7/4/15 13:00,1.008,0.1,8.96,11.53,1.5,3.2,23.65
7/4/15,13:15:24,7/4/15 13:15,0.974,0.1,8.94,11.57,1.5,2.4,23.68
7/4/15,13:30:24,7/4/15 13:30,0.936,0.1,8.95,11.63,1.4,2.8,23.72
7/4/15,13:45:24,7/4/15 13:45,0.9,0.1,8.95,11.68,1.5,2.8,23.73
7/4/15,14:00:24,7/4/15 14:00,0.863,0.1,8.96,11.81,1.4,2.6,23.77
7/4/15,14:15:24,7/4/15 14:15,0.829,0.1,8.98,11.95,1.4,2.3,23.83
7/4/15,14:30:24,7/4/15 14:30,0.797,0.1,8.99,11.99,1.3,2.7,23.87
7/4/15,14:45:24,7/4/15 14:45,0.762,0.1,9,12.01,1.3,2.5,23.88
7/4/15,15:00:24,7/4/15 15:00,0.731,0.1,8.99,11.96,1.3,2.6,23.88
7/4/15,15:15:23,7/4/15 15:15,0.698,0.1,8.98,11.93,1.3,2.4,23.87
7/4/15,15:30:24,7/4/15 15:30,0.668,0.1,8.95,11.87,1.3,2.8,23.83
7/4/15,15:45:24,7/4/15 15:45,0.635,0.1,8.92,11.72,1.2,2.7,23.77
7/4/15,16:00:24,7/4/15 16:00,0.606,0.1,8.89,11.6,1.4,2.6,23.69
7/4/15,16:15:23,7/4/15 16:15,0.574,0.1,8.87,11.52,1.3,2.5,23.62
7/4/15,16:30:23,7/4/15 16:30,0.547,0.1,8.86,11.49,1.4,2.8,23.55
7/4/15,16:45:23,7/4/15 16:45,0.52,0.1,8.86,11.5,1.4,2.3,23.49
7/4/15,17:00:23,7/4/15 17:00,0.498,0.1,8.84,11.53,1.4,2.3,23.42
7/4/15,17:15:23,7/4/15 17:15,0.475,0.1,8.84,11.53,1.3,2.3,23.36
7/4/15,17:30:23,7/4/15 17:30,0.46,0.1,8.83,11.53,1.4,2.4,23.32
7/4/15,17:45:23,7/4/15 17:45,0.441,0.1,8.83,11.65,1.4,2.2,23.28
7/4/15,18:00:23,7/4/15 18:00,0.432,0.1,8.82,11.51,1.3,2.5,23.24
7/4/15,18:15:23,7/4/15 18:15,0.425,0.1,8.81,11.4,1.4,2.1,23.21
7/4/15,18:30:23,7/4/15 18:30,0.422,0.1,8.81,11.34,1.4,2.3,23.19
7/4/15,18:45:23,7/4/15 18:45,0.423,0.1,8.79,11.23,1.3,2.1,23.15
7/4/15,19:00:23,7/4/15 19:00,0.432,0.1,8.79,11.15,1.3,2.5,23.15
7/4/15,19:15:23,7/4/15 19:15,0.447,0.1,8.76,11.13,1.2,2.7,23.16
7/4/15,19:30:23,7/4/15 19:30,0.462,0.1,8.76,11.09,1.2,2.9,23.16
7/4/15,19:45:23,7/4/15 19:45,0.486,0.1,8.79,11.16,1.2,2.6,23.17
7/4/15,20:00:23,7/4/15 20:00,0.512,0.1,8.81,11.17,1.2,2.6,23.19
7/4/15,20:15:23,7/4/15 20:15,0.544,0.1,8.81,11.11,1.2,2.4,23.19
7/4/15,20:30:23,7/4/15 20:30,0.578,0.1,8.8,10.97,1.2,2.5,23.2
7/4/15,20:45:23,7/4/15 20:45,0.616,0.1,8.8,10.94,1.2,2.5,23.22
7/4/15,21:00:23,7/4/15 21:00,0.653,0.1,8.81,10.91,1.1,2.4,23.24
7/4/15,21:15:23,7/4/15 21:15,0.691,0.1,8.81,10.85,1.2,2.6,23.25
7/4/15,21:30:23,7/4/15 21:30,0.728,0.1,8.81,10.79,1.2,2,23.24
7/4/15,21:45:23,7/4/15 21:45,0.763,0.1,8.81,10.77,1.1,2.8,23.22
7/4/15,22:00:23,7/4/15 22:00,0.796,0.1,8.79,10.63,1.1,2.9,23.21
7/4/15,22:15:23,7/4/15 22:15,0.827,0.1,8.78,10.55,1.3,2.6,23.2
7/4/15,22:30:23,7/4/15 22:30,0.852,0.1,8.76,10.45,1.3,3.1,23.18
7/4/15,22:45:23,7/4/15 22:45,0.876,0.1,8.73,10.38,1.2,3.1,23.16
7/4/15,23:00:23,7/4/15 23:00,0.888,0.1,8.73,10.38,1.1,2.4,23.14
7/4/15,23:15:23,7/4/15 23:15,0.903,0.1,8.72,10.31,1.1,2.6,23.11
7/4/15,23:30:23,7/4/15 23:30,0.909,0.1,8.69,10.22,1.1,2.9,23.07
7/4/15,23:45:23,7/4/15 23:45,0.91,0.1,8.67,10.06,1,2.6,23.05
7/5/15,0:00:23,7/5/15 0:00,0.909,0.1,8.64,9.97,1.1,2.5,23.03
7/5/15,0:15:23,7/5/15 0:15,0.901,0.1,8.62,9.83,1,2.8,23.01
7/5/15,0:30:23,7/5/15 0:30,0.892,0.1,8.6,9.8,1.1,2.5,22.98
7/5/15,0:45:23,7/5/15 0:45,0.876,0.1,8.57,9.68,1,2.5,22.96
7/5/15,1:00:23,7/5/15 1:00,0.862,0.1,8.53,9.57,1.1,2.2,22.92
7/5/15,1:15:23,7/5/15 1:15,0.842,0.1,8.48,9.48,1.2,2.5,22.88
7/5/15,1:30:23,7/5/15 1:30,0.821,0.1,8.42,9.33,1.1,2.8,22.83
7/5/15,1:45:23,7/5/15 1:45,0.796,0.1,8.35,9.2,1.1,2.6,22.77
7/5/15,2:00:23,7/5/15 2:00,0.771,0.1,8.27,9.06,1,2.4,22.71
7/5/15,2:15:23,7/5/15 2:15,0.744,0.1,8.19,8.87,1,2.9,22.66
7/5/15,2:30:23,7/5/15 2:30,0.716,0.1,8.1,8.7,1.1,2.4,22.59
7/5/15,2:45:23,7/5/15 2:45,0.688,0.1,8.01,8.53,1.1,2.7,22.54
7/5/15,3:00:23,7/5/15 3:00,0.661,0.11,7.94,8.35,1.1,2.2,22.49
7/5/15,3:15:23,7/5/15 3:15,0.636,0.11,7.87,8.19,1,2.2,22.45
7/5/15,3:30:23,7/5/15 3:30,0.61,0.11,7.81,8.02,1.1,2.4,22.4
7/5/15,3:45:23,7/5/15 3:45,0.586,0.11,7.75,7.92,1,2.8,22.36
7/5/15,4:00:23,7/5/15 4:00,0.563,0.11,7.73,7.81,1.1,2.1,22.33
7/5/15,4:15:23,7/5/15 4:15,0.54,0.11,7.63,7.69,1,2,22.29
7/5/15,4:30:23,7/5/15 4:30,0.517,0.11,7.68,7.61,1,2.1,22.27
7/5/15,4:45:23,7/5/15 4:45,0.494,0.11,7.67,7.56,1,2.1,22.24
7/5/15,5:00:23,7/5/15 5:00,0.476,0.11,7.66,7.38,1,2,22.21
7/5/15,5:15:23,7/5/15 5:15,0.462,0.11,7.66,7.37,1,1.9,22.17
7/5/15,5:30:23,7/5/15 5:30,0.453,0.11,7.67,7.36,0.9,2,22.15
7/5/15,5:45:23,7/5/15 5:45,0.45,0.11,7.69,7.3,1,2.2,22.12
7/5/15,6:00:23,7/5/15 6:00,0.456,0.11,7.74,7.4,1,2.1,22.14
7/5/15,6:15:23,7/5/15 6:15,0.463,0.11,7.82,7.72,1.1,2.1,22.15
7/5/15,6:30:23,7/5/15 6:30,0.478,0.11,7.89,8,0.9,1.7,22.16
7/5/15,6:45:23,7/5/15 6:45,0.5,0.11,8.02,8.35,1,1.9,22.19
7/5/15,7:00:23,7/5/15 7:00,0.53,0.11,8.17,8.69,0.9,2.1,22.21
7/5/15,7:15:23,7/5/15 7:15,0.565,0.11,8.34,9,0.8,1.8,22.26
7/5/15,7:30:23,7/5/15 7:30,0.602,0.11,8.5,9.37,0.9,1.7,22.32
7/5/15,7:45:23,7/5/15 7:45,0.642,0.11,8.62,9.71,0.9,1.7,22.38
7/5/15,8:00:23,7/5/15 8:00,0.687,0.11,8.7,9.96,0.8,1.6,22.46
7/5/15,8:15:23,7/5/15 8:15,0.733,0.11,8.76,10.27,0.9,1.7,22.53
7/5/15,8:30:23,7/5/15 8:30,0.781,0.11,8.82,10.5,0.8,2.7,22.61
7/5/15,8:45:23,7/5/15 8:45,0.829,0.11,8.84,10.78,0.9,1.5,22.7
7/5/15,9:00:23,7/5/15 9:00,0.879,0.11,8.88,11.03,0.8,1.6,22.74
7/5/15,9:15:23,7/5/15 9:15,0.937,0.11,8.91,11.24,0.9,1.8,22.81
7/5/15,9:30:23,7/5/15 9:30,0.999,0.1,8.92,11.29,0.9,2.3,22.88
7/5/15,9:45:23,7/5/15 9:45,1.051,0.1,8.97,11.58,0.9,2,22.96
7/5/15,10:00:23,7/5/15 10:00,1.096,0.1,9.01,11.95,0.9,1.9,23.04
7/5/15,10:15:23,7/5/15 10:15,1.13,0.1,9.11,12.44,0.9,2.1,23.08
7/5/15,10:30:23,7/5/15 10:30,1.155,0.1,9.19,13.19,0.9,1.9,23.13
7/5/15,10:45:23,7/5/15 10:45,1.178,0.1,9.22,13.32,0.9,1.7,23.19
7/5/15,11:00:23,7/5/15 11:00,1.198,0.1,9.18,13.08,0.9,1.7,23.29
7/5/15,11:15:23,7/5/15 11:15,1.208,0.1,9.25,13.67,1.1,1.8,23.41
7/5/15,11:30:23,7/5/15 11:30,1.211,0.1,9.23,13.38,0.8,1.7,23.64
7/5/15,11:45:23,7/5/15 11:45,1.207,0.1,9.23,13.33,0.7,1.5,23.85
7/5/15,12:00:23,7/5/15 12:00,1.196,0.11,9.26,13.64,0.7,1.9,24
7/5/15,12:15:23,7/5/15 12:15,1.184,0.11,9.31,13.98,0.7,1.9,24.12
7/5/15,12:30:23,7/5/15 12:30,1.166,0.11,9.34,14.22,0.7,2.2,24.28
7/5/15,12:45:23,7/5/15 12:45,1.145,0.11,9.36,14.47,0.7,1.3,24.42
7/5/15,13:00:23,7/5/15 13:00,1.118,0.11,9.37,14.58,0.7,1.5,24.57
7/5/15,13:15:23,7/5/15 13:15,1.089,0.11,9.39,14.78,0.8,1.9,24.74
7/5/15,13:30:23,7/5/15 13:30,1.056,0.11,9.42,15.08,0.7,1.2,24.86
7/5/15,13:45:23,7/5/15 13:45,1.023,0.11,9.45,15.42,0.7,1.5,24.96
7/5/15,14:00:23,7/5/15 14:00,0.986,0.11,9.46,15.63,0.7,1.4,25.05
7/5/15,14:15:23,7/5/15 14:15,0.952,0.11,9.48,16.03,0.8,1.2,25.12
7/5/15,14:30:23,7/5/15 14:30,0.916,0.1,9.5,16.23,0.9,2,25.19
7/5/15,14:45:23,7/5/15 14:45,0.882,0.1,9.52,16.55,0.9,1.7,25.24
7/5/15,15:00:23,7/5/15 15:00,0.845,0.1,9.54,16.82,0.9,1.5,25.28
7/5/15,15:15:23,7/5/15 15:15,0.81,0.1,9.55,16.93,0.9,1.7,25.33
7/5/15,15:30:23,7/5/15 15:30,0.776,0.1,9.57,17.18,0.9,1.8,25.37
7/5/15,15:45:23,7/5/15 15:45,0.744,0.1,9.59,17.35,0.9,1.9,25.42
7/5/15,16:00:23,7/5/15 16:00,0.711,0.1,9.6,17.53,0.9,1.3,25.47
7/5/15,16:15:23,7/5/15 16:15,0.677,0.1,9.62,17.73,0.9,1.4,25.51
7/5/15,16:30:23,7/5/15 16:30,0.646,0.1,9.63,17.82,0.9,1.4,25.54
7/5/15,16:45:23,7/5/15 16:45,0.615,0.1,9.65,17.96,0.9,1.4,25.57
7/5/15,17:00:23,7/5/15 17:00,0.587,0.1,9.66,18.02,0.9,1.4,25.58
7/5/15,17:15:23,7/5/15 17:15,0.561,0.1,9.67,18.14,1,1.9,25.58
7/5/15,17:30:23,7/5/15 17:30,0.538,0.1,9.67,18.09,0.9,1.9,25.56
7/5/15,17:45:23,7/5/15 17:45,0.519,0.1,9.67,18.04,1,1.7,25.54
7/5/15,18:00:23,7/5/15 18:00,0.502,0.1,9.67,17.93,0.9,1.5,25.5
7/5/15,18:15:23,7/5/15 18:15,0.488,0.1,9.67,17.82,0.9,1.7,25.47
7/5/15,18:30:23,7/5/15 18:30,0.479,0.1,9.67,17.77,0.9,1.6,25.44
7/5/15,18:45:23,7/5/15 18:45,0.479,0.1,9.66,17.59,0.9,1.9,25.41
7/5/15,19:00:23,7/5/15 19:00,0.478,0.1,9.66,17.37,0.9,2,25.37
7/5/15,19:15:23,7/5/15 19:15,0.494,0.1,9.64,17.32,0.9,1.7,25.34
7/5/15,19:30:23,7/5/15 19:30,0.508,0.1,9.64,17.18,0.9,1.9,25.32
7/5/15,19:45:23,7/5/15 19:45,0.535,0.1,9.64,17.23,1,1.6,25.29
7/5/15,20:00:23,7/5/15 20:00,0.559,0.1,9.64,17.09,0.9,1.5,25.24
7/5/15,20:15:23,7/5/15 20:15,0.59,0.1,9.63,16.98,0.9,1.8,25.23
7/5/15,20:30:23,7/5/15 20:30,0.628,0.1,9.62,16.83,0.9,2,25.23
7/5/15,20:45:23,7/5/15 20:45,0.671,0.1,9.6,16.65,0.9,2.1,25.23
7/5/15,21:00:23,7/5/15 21:00,0.72,0.1,9.6,16.5,1.2,2.1,25.22
7/5/15,21:15:23,7/5/15 21:15,0.769,0.1,9.59,16.49,1,1.8,25.22
7/5/15,21:30:23,7/5/15 21:30,0.811,0.1,9.59,16.45,1,2.3,25.21
7/5/15,21:45:23,7/5/15 21:45,0.856,0.1,9.59,16.5,1.2,2.2,25.21
7/5/15,22:00:23,7/5/15 22:00,0.903,0.1,9.59,16.42,1,1.7,25.2
7/5/15,22:15:23,7/5/15 22:15,0.945,0.1,9.59,16.32,1.3,2.2,25.18
7/5/15,22:30:23,7/5/15 22:30,0.988,0.1,9.58,16.21,1,2.2,25.16
7/5/15,22:45:23,7/5/15 22:45,1.025,0.1,9.57,16.09,0.9,1.9,25.15
7/5/15,23:00:23,7/5/15 23:00,1.058,0.1,9.56,15.95,1.1,1.8,25.14
7/5/15,23:15:23,7/5/15 23:15,1.085,0.1,9.55,15.81,1.4,2.2,25.12
7/5/15,23:30:23,7/5/15 23:30,1.108,0.1,9.55,15.73,1.4,1.9,25.1
7/5/15,23:45:23,7/5/15 23:45,1.124,0.1,9.55,15.65,1.5,1.8,25.09
7/6/15,0:00:23,7/6/15 0:00,1.135,0.1,9.55,15.47,1.4,2.2,25.06
7/6/15,0:15:23,7/6/15 0:15,1.141,0.1,9.54,15.25,1,2.3,25.03
7/6/15,0:30:23,7/6/15 0:30,1.142,0.1,9.53,15.05,0.9,2.3,25.01
7/6/15,0:45:23,7/6/15 0:45,1.136,0.1,9.52,14.81,0.7,2.1,24.97
7/6/15,1:00:23,7/6/15 1:00,1.127,0.1,9.51,14.6,0.9,2.1,24.93
7/6/15,1:15:23,7/6/15 1:15,1.11,0.1,9.5,14.43,0.8,2.4,24.87
7/6/15,1:30:23,7/6/15 1:30,1.091,0.1,9.49,14.3,0.8,2.1,24.81
7/6/15,1:45:23,7/6/15 1:45,1.07,0.1,9.48,14.08,1,2.3,24.75
7/6/15,2:00:23,7/6/15 2:00,1.048,0.1,9.46,13.97,0.8,1.9,24.69
7/6/15,2:15:23,7/6/15 2:15,1.024,0.1,9.43,13.78,0.8,2,24.6
7/6/15,2:30:23,7/6/15 2:30,0.998,0.1,9.4,13.55,0.9,2.4,24.54
7/6/15,2:45:23,7/6/15 2:45,0.97,0.1,9.36,13.31,0.9,2.3,24.48
7/6/15,3:00:23,7/6/15 3:00,0.94,0.1,9.32,13.01,0.9,2.3,24.44
7/6/15,3:15:23,7/6/15 3:15,0.912,0.1,9.28,12.72,0.9,1.9,24.41
7/6/15,3:30:23,7/6/15 3:30,0.882,0.1,9.22,12.42,0.9,2.7,24.37
7/6/15,3:45:23,7/6/15 3:45,0.851,0.1,9.16,12.06,1,2.2,24.34
7/6/15,4:00:23,7/6/15 4:00,0.819,0.1,9.09,11.71,1,2.6,24.31
7/6/15,4:15:23,7/6/15 4:15,0.787,0.1,9.05,11.42,1.1,2.4,24.28
7/6/15,4:30:23,7/6/15 4:30,0.756,0.1,8.99,11.2,1,2.3,24.24
7/6/15,4:45:23,7/6/15 4:45,0.73,0.1,8.93,10.91,1,2.7,24.21
7/6/15,5:00:23,7/6/15 5:00,0.702,0.1,8.81,10.77,1,2.2,24.18
7/6/15,5:15:23,7/6/15 5:15,0.68,0.1,8.86,10.56,1,2.6,24.16
7/6/15,5:30:23,7/6/15 5:30,0.656,0.1,8.82,10.35,1.1,2.5,24.14
7/6/15,5:45:23,7/6/15 5:45,0.636,0.1,8.78,10.19,1.1,2.2,24.12
7/6/15,6:00:23,7/6/15 6:00,0.619,0.1,8.75,10.06,1.2,2.4,24.1
7/6/15,6:15:23,7/6/15 6:15,0.603,0.1,8.73,9.99,1.2,2.3,24.09
7/6/15,6:30:23,7/6/15 6:30,0.591,0.1,8.73,9.98,1.1,2.5,24.09
7/6/15,6:45:23,7/6/15 6:45,0.588,0.1,8.74,9.98,1.2,2.1,24.1
7/6/15,7:00:23,7/6/15 7:00,0.589,0.1,8.76,9.99,1.2,2.5,24.1
7/6/15,7:15:23,7/6/15 7:15,0.6,0.1,8.8,10.18,1.2,2.6,24.13
7/6/15,7:30:23,7/6/15 7:30,0.617,0.1,8.88,10.67,1.2,2.2,24.18
7/6/15,7:45:23,7/6/15 7:45,0.634,0.1,8.91,10.79,1.2,2.1,24.26
7/6/15,8:00:23,7/6/15 8:00,0.66,0.1,8.93,10.98,1.1,2,24.36
7/6/15,8:15:23,7/6/15 8:15,0.69,0.1,8.98,11.39,1.2,1.9,24.4
7/6/15,8:30:23,7/6/15 8:30,0.729,0.1,9.02,11.67,1.2,1.9,24.43
7/6/15,8:45:23,7/6/15 8:45,0.768,0.1,9.08,11.95,1.2,1.8,24.5
7/6/15,9:00:23,7/6/15 9:00,0.81,0.1,9.12,12.33,1.1,1.9,24.61
7/6/15,9:15:23,7/6/15 9:15,0.856,0.1,9.15,12.56,1.1,2.1,24.67
7/6/15,9:30:23,7/6/15 9:30,0.901,0.1,9.19,12.72,1,1.7,24.75
7/6/15,9:45:23,7/6/15 9:45,0.95,0.1,9.22,12.97,1.1,1.9,24.81
7/6/15,10:00:23,7/6/15 10:00,0.995,0.1,9.25,13.1,1,1.9,24.86
7/6/15,10:15:23,7/6/15 10:15,1.036,0.1,9.28,13.4,1,2,24.91
7/6/15,10:30:23,7/6/15 10:30,1.075,0.1,9.3,13.38,1,2.6,24.95
7/6/15,10:45:23,7/6/15 10:45,1.11,0.1,9.35,13.7,1,2.1,25.01
7/6/15,11:00:23,7/6/15 11:00,1.145,0.1,9.43,14.45,1,2.4,25.05
7/6/15,11:15:23,7/6/15 11:15,1.171,0.1,9.48,14.98,1,2.5,25.1
7/6/15,11:30:23,7/6/15 11:30,1.191,0.1,9.5,15.44,1.1,2.8,25.14
7/6/15,11:45:23,7/6/15 11:45,1.206,0.1,9.5,15.22,1,2.3,25.19
7/6/15,12:00:23,7/6/15 12:00,1.213,0.1,9.5,15.35,2.8,2.2,25.27
7/6/15,12:15:23,7/6/15 12:15,1.214,0.1,9.47,14.89,0.9,2,25.46
7/6/15,12:30:23,7/6/15 12:30,1.212,0.1,9.5,14.9,0.8,2.1,25.74
7/6/15,12:45:23,7/6/15 12:45,1.203,0.1,9.51,15.08,0.8,2.2,25.91
7/6/15,13:00:23,7/6/15 13:00,1.192,0.1,9.52,15.18,0.9,2,26.04
7/6/15,13:15:23,7/6/15 13:15,1.176,0.1,9.5,15.22,0.9,1.3,26.17
7/6/15,13:30:23,7/6/15 13:30,1.157,0.1,9.5,15.38,0.9,1.7,26.34
7/6/15,13:45:23,7/6/15 13:45,1.137,0.1,9.5,15.37,1,1.7,26.48
7/6/15,14:00:23,7/6/15 14:00,1.114,0.1,9.5,15.61,1,1.7,26.63
7/6/15,14:15:23,7/6/15 14:15,1.083,0.1,9.5,15.65,1,1.5,26.76
7/6/15,14:30:23,7/6/15 14:30,1.052,0.1,9.51,15.76,1.2,1.5,26.87
7/6/15,14:45:23,7/6/15 14:45,1.021,0.1,9.51,15.86,1.3,2.1,26.98
7/6/15,15:00:23,7/6/15 15:00,0.989,0.1,9.53,16.07,1.4,2.2,27.06
7/6/15,15:15:23,7/6/15 15:15,0.954,0.1,9.53,16.26,1.5,2.4,27.08
7/6/15,15:30:23,7/6/15 15:30,0.923,0.1,9.53,16.24,1.5,2.6,27.03
7/6/15,15:45:23,7/6/15 15:45,0.889,0.1,9.51,16.25,1.6,2.1,26.94
7/6/15,16:00:23,7/6/15 16:00,0.856,0.1,9.51,16.25,1.6,2,26.89
7/6/15,16:15:23,7/6/15 16:15,0.825,0.09,9.5,16.12,1.7,2.2,26.75
7/6/15,16:30:23,7/6/15 16:30,0.795,0.09,9.49,16.06,1.7,2.3,26.65
7/6/15,16:45:23,7/6/15 16:45,0.768,0.09,9.49,15.95,1.7,2.3,26.56
7/6/15,17:00:23,7/6/15 17:00,0.737,0.09,9.48,15.95,1.7,2.7,26.48
7/6/15,17:15:23,7/6/15 17:15,0.71,0.09,9.48,15.94,1.7,1.8,26.41
7/6/15,17:30:23,7/6/15 17:30,0.688,0.09,9.47,15.84,1.7,2.5,26.34
7/6/15,17:45:23,7/6/15 17:45,0.664,0.09,9.47,15.72,1.7,1.8,26.3
7/6/15,18:00:23,7/6/15 18:00,0.641,0.09,9.46,15.49,1.7,2.2,26.24
7/6/15,18:15:23,7/6/15 18:15,0.625,0.09,9.47,14.96,1.7,1.9,26.26
7/6/15,18:30:23,7/6/15 18:30,0.603,0.09,9.45,14.54,1.5,2.2,26.14
7/6/15,18:45:23,7/6/15 18:45,0.591,0.09,9.43,14.25,1.5,2.3,26.05
7/6/15,19:00:23,7/6/15 19:00,0.574,0.09,9.41,14.04,1.5,2.1,25.96
7/6/15,19:15:23,7/6/15 19:15,0.569,0.09,9.39,13.78,1.7,1.8,25.89
7/6/15,19:30:23,7/6/15 19:30,0.568,0.09,9.37,13.52,1.5,1.9,25.82
7/6/15,19:45:23,7/6/15 19:45,0.568,0.09,9.36,13.35,1.5,2.1,25.77
7/6/15,20:00:23,7/6/15 20:00,0.574,0.09,9.35,13.1,1.5,2.1,25.74
7/6/15,20:15:23,7/6/15 20:15,0.587,0.09,9.34,13.01,1.5,2.1,25.73
7/6/15,20:30:23,7/6/15 20:30,0.609,0.09,9.38,12.86,1.4,2.4,25.81
7/6/15,20:45:23,7/6/15 20:45,0.632,0.09,9.41,12.88,1.5,1.7,25.92
7/6/15,21:00:23,7/6/15 21:00,0.66,0.09,9.42,12.8,1.4,2.6,26
7/6/15,21:15:23,7/6/15 21:15,0.695,0.09,9.41,12.53,1.3,2,26.04
7/6/15,21:30:23,7/6/15 21:30,0.731,0.09,9.41,12.53,1.4,2.4,26.09
7/6/15,21:45:23,7/6/15 21:45,0.778,0.09,9.4,12.39,1.4,2,26.11
7/6/15,22:00:23,7/6/15 22:00,0.824,0.09,9.39,12.4,1.5,3.3,26.15
7/6/15,22:15:23,7/6/15 22:15,0.874,0.09,9.4,12.34,1.4,3.4,26.21
7/6/15,22:30:23,7/6/15 22:30,0.927,0.1,9.41,12.22,1.4,6.8,26.27
7/6/15,22:45:23,7/6/15 22:45,0.979,0.1,9.41,12.13,1.5,2.5,26.28
7/6/15,23:00:23,7/6/15 23:00,1.034,0.1,9.4,12,1.8,11.7,26.3
7/6/15,23:15:23,7/6/15 23:15,1.076,0.1,9.39,11.9,1.7,2.5,26.29
7/6/15,23:30:23,7/6/15 23:30,1.118,0.1,9.39,11.81,1.8,2.7,26.28
7/6/15,23:45:23,7/6/15 23:45,1.161,0.1,9.38,11.68,1.8,2.4,26.27
7/7/15,0:00:23,7/7/15 0:00,1.194,0.1,9.37,11.5,1.8,2.3,26.27
7/7/15,0:15:23,7/7/15 0:15,1.225,0.1,9.37,11.41,1.7,2.3,26.26
7/7/15,0:30:23,7/7/15 0:30,1.248,0.1,9.37,11.45,1.7,2.6,26.23
7/7/15,0:45:23,7/7/15 0:45,1.263,0.1,9.36,11.37,1.7,2.3,26.21
7/7/15,1:00:23,7/7/15 1:00,1.275,0.1,9.35,11.27,1.6,2.3,26.19
7/7/15,1:15:23,7/7/15 1:15,1.281,0.1,9.33,11.11,1.8,2.4,26.16
7/7/15,1:30:23,7/7/15 1:30,1.284,0.1,9.32,11.06,1.7,2.8,26.08
7/7/15,1:45:23,7/7/15 1:45,1.274,0.09,9.3,10.97,1.7,2.5,25.97
7/7/15,2:00:23,7/7/15 2:00,1.262,0.09,9.27,10.73,1.5,2.2,25.84
7/7/15,2:15:23,7/7/15 2:15,1.245,0.09,9.22,10.44,1.4,2.9,25.68
7/7/15,2:30:23,7/7/15 2:30,1.221,0.09,9.17,10.2,1.8,2.5,25.52
7/7/15,2:45:23,7/7/15 2:45,1.195,0.09,9.11,9.91,1.4,2.7,25.35
7/7/15,3:00:23,7/7/15 3:00,1.168,0.09,9.04,9.68,1.3,2.5,25.21
7/7/15,3:15:24,7/7/15 3:15,1.14,0.09,8.92,9.4,1.4,2.7,25.04
7/7/15,3:30:23,7/7/15 3:30,1.11,0.09,8.76,9.14,1.4,2.4,24.87
7/7/15,3:45:23,7/7/15 3:45,1.078,0.09,8.61,8.89,1.4,2.7,24.76
7/7/15,4:00:23,7/7/15 4:00,1.044,0.09,8.44,8.69,1.5,2.7,24.67
7/7/15,4:15:23,7/7/15 4:15,1.012,0.09,8.28,8.46,1.5,2.5,24.6
7/7/15,4:30:23,7/7/15 4:30,0.979,0.09,8.13,8.29,1.6,2.2,24.55
7/7/15,4:45:23,7/7/15 4:45,0.946,0.09,8,8.1,1.6,2.7,24.5
7/7/15,5:00:23,7/7/15 5:00,0.914,0.09,7.88,7.92,1.7,2.7,24.45
7/7/15,5:15:23,7/7/15 5:15,0.879,0.09,7.8,7.8,1.8,2.5,24.42
7/7/15,5:30:23,7/7/15 5:30,0.846,0.09,7.76,7.71,1.8,2.2,24.39
7/7/15,5:45:23,7/7/15 5:45,0.812,0.09,7.73,7.61,1.8,2.4,24.38
7/7/15,6:00:23,7/7/15 6:00,0.782,0.09,7.71,7.58,1.9,2.6,24.36
7/7/15,6:15:23,7/7/15 6:15,0.755,0.09,7.7,7.56,1.9,2.2,24.36
7/7/15,6:30:23,7/7/15 6:30,0.728,0.09,7.71,7.61,1.9,2.6,24.37
7/7/15,6:45:23,7/7/15 6:45,0.703,0.09,7.74,7.63,1.9,2.6,24.38
7/7/15,7:00:23,7/7/15 7:00,0.683,0.09,7.78,7.79,1.9,2.8,24.4
7/7/15,7:15:23,7/7/15 7:15,0.665,0.09,7.84,7.91,1.9,2.7,24.42
7/7/15,7:30:23,7/7/15 7:30,0.652,0.09,7.88,8.06,1.9,2.6,24.44
7/7/15,7:45:23,7/7/15 7:45,0.644,0.09,7.98,8.18,1.8,2.5,24.46
7/7/15,8:00:23,7/7/15 8:00,0.641,0.09,8.01,8.27,1.9,2.8,24.49
7/7/15,8:15:23,7/7/15 8:15,0.644,0.09,8.09,8.41,1.8,2.4,24.5
7/7/15,8:30:23,7/7/15 8:30,0.648,0.09,8.31,8.56,1.9,2.3,24.53
7/7/15,8:45:23,7/7/15 8:45,0.669,0.09,8.46,9.3,1.8,2.3,24.68
7/7/15,9:00:23,7/7/15 9:00,0.68,0.09,8.57,9.83,1.8,1.7,24.78
7/7/15,9:15:23,7/7/15 9:15,0.7,0.09,8.63,9.79,1.8,2,24.95
7/7/15,9:30:23,7/7/15 9:30,0.733,0.09,8.72,10.14,1.8,1.8,25.06
7/7/15,9:45:23,7/7/15 9:45,0.765,0.09,8.8,10.54,1.7,2.5,25.17
7/7/15,10:00:23,7/7/15 10:00,0.801,0.09,8.89,10.91,1.8,3,25.28
7/7/15,10:15:23,7/7/15 10:15,0.842,0.09,8.97,11.34,1.7,4.9,25.39
7/7/15,10:30:23,7/7/15 10:30,0.889,0.09,9.02,11.58,1.7,2.6,25.5
7/7/15,10:45:23,7/7/15 10:45,0.932,0.09,9.06,11.76,1.7,7.8,25.61
7/7/15,11:00:23,7/7/15 11:00,0.977,0.09,9.09,12,1.7,2.5,25.71
7/7/15,11:15:22,7/7/15 11:15,0.878,0.09,9.14,12.31,2.5,3.2,25.84
7/7/15,11:30:09,7/7/15 11:30,0.933,0.1,9.04,11.91,1.6,2.4,25.92
7/7/15,11:45:09,7/7/15 11:45,0.965,0.1,9.08,12.14,1.6,2,26
7/7/15,12:00:09,7/7/15 12:00,0.998,0.1,9.09,12.14,1.6,1.9,26.12
7/7/15,12:15:10,7/7/15 12:15,1.022,0.1,9.14,12.64,1.7,1.8,26.18
7/7/15,12:30:10,7/7/15 12:30,1.042,0.1,9.19,12.93,1.5,1.9,26.26
7/7/15,12:45:10,7/7/15 12:45,1.057,0.1,9.24,13.33,1.7,1.4,26.34
7/7/15,13:00:09,7/7/15 13:00,1.065,0.1,9.27,13.62,1.7,1.2,26.42
7/7/15,13:15:09,7/7/15 13:15,1.07,0.1,9.28,13.7,1.6,2.1,26.53
7/7/15,13:30:10,7/7/15 13:30,1.066,0.1,9.29,13.42,1.6,2.7,26.68
7/7/15,13:45:09,7/7/15 13:45,1.056,0.1,9.28,13.32,1.6,1.7,26.86
7/7/15,14:00:10,7/7/15 14:00,1.041,0.1,9.3,13.74,1.7,2.1,26.96
7/7/15,14:15:10,7/7/15 14:15,1.024,0.1,9.34,14.1,1.7,2.6,27.05
7/7/15,14:30:09,7/7/15 14:30,1.004,0.1,9.37,14.37,1.7,1.9,27.13
7/7/15,14:45:09,7/7/15 14:45,0.978,0.1,9.38,14.55,1.7,1.8,27.26
7/7/15,15:00:10,7/7/15 15:00,0.95,0.1,9.4,14.75,1.8,2,27.36
7/7/15,15:15:10,7/7/15 15:15,0.919,0.1,9.42,14.92,1.7,1.8,27.44
7/7/15,15:30:09,7/7/15 15:30,0.888,0.1,9.44,15.11,1.8,1.5,27.5
7/7/15,15:45:09,7/7/15 15:45,0.857,0.1,9.47,15.42,1.8,2,27.51
7/7/15,16:00:09,7/7/15 16:00,0.823,0.1,9.49,15.74,1.9,1.5,27.49
7/7/15,16:15:09,7/7/15 16:15,0.791,0.1,9.51,15.99,2,1.7,27.43
7/7/15,16:30:09,7/7/15 16:30,0.761,0.1,9.53,16.14,2.1,1.3,27.37
7/7/15,16:45:09,7/7/15 16:45,0.725,0.1,9.52,16.18,2.4,1.7,27.27
7/7/15,17:00:09,7/7/15 17:00,0.694,0.1,9.51,16.12,2.6,1.6,27.15
7/7/15,17:15:10,7/7/15 17:15,0.663,0.1,9.5,16.1,2.9,1.4,27.07
7/7/15,17:30:10,7/7/15 17:30,0.632,0.1,9.5,16.05,2.8,1.9,26.99
7/7/15,17:45:10,7/7/15 17:45,0.602,0.1,9.5,16.01,2.9,1.2,26.91
7/7/15,18:00:10,7/7/15 18:00,0.574,0.1,9.49,15.92,3,2.2,26.84
7/7/15,18:15:09,7/7/15 18:15,0.548,0.1,9.49,15.85,3,1.6,26.76
7/7/15,18:30:10,7/7/15 18:30,0.524,0.1,9.48,15.73,2.9,1.6,26.68
7/7/15,18:45:10,7/7/15 18:45,0.501,0.1,9.47,15.59,3.1,1.8,26.61
7/7/15,19:00:09,7/7/15 19:00,0.481,0.1,9.45,15.39,2.9,1.8,26.53
7/7/15,19:15:09,7/7/15 19:15,0.463,0.1,9.43,15.18,3.1,1.9,26.42
7/7/15,19:30:09,7/7/15 19:30,0.445,0.1,9.41,14.91,3.1,1.7,26.35
7/7/15,19:45:10,7/7/15 19:45,0.433,0.1,9.39,14.69,3,2.2,26.26
7/7/15,20:00:10,7/7/15 20:00,0.428,0.1,9.37,14.38,3,2.3,26.17
7/7/15,20:15:10,7/7/15 20:15,0.425,0.1,9.35,14.1,3.1,1.9,26.12
7/7/15,20:30:10,7/7/15 20:30,0.426,0.1,9.33,13.91,3.1,1.7,26.07
7/7/15,20:45:10,7/7/15 20:45,0.433,0.1,9.32,13.72,3,2.3,26.03
7/7/15,21:00:10,7/7/15 21:00,0.445,0.1,9.3,13.54,3.1,1.6,25.97
7/7/15,21:15:10,7/7/15 21:15,0.463,0.1,9.3,13.36,2.9,2.7,25.95
7/7/15,21:30:10,7/7/15 21:30,0.487,0.1,9.28,13.32,3.1,1.5,25.91
7/7/15,21:45:10,7/7/15 21:45,0.513,0.1,9.26,13.14,2.9,2.7,25.88
7/7/15,22:00:10,7/7/15 22:00,0.54,0.1,9.25,13,3.3,2.1,25.85
7/7/15,22:15:10,7/7/15 22:15,0.575,0.1,9.25,12.93,3.3,2,25.84
7/7/15,22:30:10,7/7/15 22:30,0.615,0.1,9.25,12.9,6.4,2.4,25.84
7/7/15,22:45:10,7/7/15 22:45,0.654,0.1,9.24,12.78,4,2.2,25.85
7/7/15,23:00:10,7/7/15 23:00,0.692,0.1,9.23,12.68,3.6,2,25.86
7/7/15,23:15:09,7/7/15 23:15,0.73,0.1,9.24,12.66,2.6,2,25.89
7/7/15,23:30:10,7/7/15 23:30,0.773,0.1,9.26,12.67,2.5,2.1,25.9
7/7/15,23:45:09,7/7/15 23:45,0.815,0.1,9.25,12.63,2.9,1.5,25.91